Reference;Customer;Ship To;BU;Element;Element Type;Date;Qtes
16965;N.D;MCI;STE MCI;History;Original History;01/04/2018;25
1050000001;N.D;MCI;STE MCI;History;Original History;01/04/2018;25
02E03947;N.D;MCI;STE MCI;History;Original History;01/04/2018;1
4117;N.D;MCI;STE MCI;History;Original History;01/04/2018;2
1117417615000B;N.D;MCI;STE MCI;History;Original History;01/04/2018;10
1121016825000B;N.D;MCI;STE MCI;History;Original History;01/04/2018;10
1125008415000B;N.D;MCI;STE MCI;History;Original History;01/04/2018;20
1133008215000B;N.D;MCI;STE MCI;History;Original History;01/04/2018;20
1,13301E+12;N.D;MCI;STE MCI;History;Original History;01/04/2018;30
119202/4.3;N.D;MCI;STE MCI;History;Original History;01/04/2018;250
1,2116E+11;N.D;MCI;STE MCI;History;Original History;01/04/2018;42.9
13028;N.D;MCI;STE MCI;History;Original History;01/04/2018;2
1,30701E+12;N.D;MCI;STE MCI;History;Original History;01/04/2018;15
134-35SD/120GB;N.D;MCI;STE MCI;History;Original History;01/04/2018;100
134LR/100GB;N.D;MCI;STE MCI;History;Original History;01/04/2018;200
134LR/90GB;N.D;MCI;STE MCI;History;Original History;01/04/2018;200
134R/60;N.D;MCI;STE MCI;History;Original History;01/04/2018;100
134SES/70;N.D;MCI;STE MCI;History;Original History;01/04/2018;100
138153023001F;N.D;MCI;STE MCI;History;Original History;01/04/2018;300
149515035501F;N.D;MCI;STE MCI;History;Original History;01/04/2018;24
15158/20;N.D;MCI;STE MCI;History;Original History;01/04/2018;10
15158/21;N.D;MCI;STE MCI;History;Original History;01/04/2018;1.5
1606R214R;N.D;MCI;STE MCI;History;Original History;01/04/2018;151.2
181/R;N.D;MCI;STE MCI;History;Original History;01/04/2018;5
1C-250;N.D;MCI;STE MCI;History;Original History;01/04/2018;3975
1ET000001;N.D;MCI;STE MCI;History;Original History;01/04/2018;8
200-SR/75;N.D;MCI;STE MCI;History;Original History;01/04/2018;90
21;N.D;MCI;STE MCI;History;Original History;01/04/2018;20
21334800;N.D;MCI;STE MCI;History;Original History;01/04/2018;10
21338504;N.D;MCI;STE MCI;History;Original History;01/04/2018;5
21389200;N.D;MCI;STE MCI;History;Original History;01/04/2018;2
21389705;N.D;MCI;STE MCI;History;Original History;01/04/2018;2
23007503;N.D;MCI;STE MCI;History;Original History;01/04/2018;6
23007602;N.D;MCI;STE MCI;History;Original History;01/04/2018;6
2350N2000;N.D;MCI;STE MCI;History;Original History;01/04/2018;36
2415;N.D;MCI;STE MCI;History;Original History;01/04/2018;870
245-1660A;N.D;MCI;STE MCI;History;Original History;01/04/2018;200
270;N.D;MCI;STE MCI;History;Original History;01/04/2018;1
27284;N.D;MCI;STE MCI;History;Original History;01/04/2018;3
295;N.D;MCI;STE MCI;History;Original History;01/04/2018;110
31583;N.D;MCI;STE MCI;History;Original History;01/04/2018;10
316.13AD;N.D;MCI;STE MCI;History;Original History;01/04/2018;56
3,30162E+11;N.D;MCI;STE MCI;History;Original History;01/04/2018;45
330H-W;N.D;MCI;STE MCI;History;Original History;01/04/2018;32
330H-W_EX;N.D;MCI;STE MCI;History;Original History;01/04/2018;350
340606;N.D;MCI;STE MCI;History;Original History;01/04/2018;5
359;N.D;MCI;STE MCI;History;Original History;01/04/2018;2
38696;N.D;MCI;STE MCI;History;Original History;01/04/2018;30
40006207;N.D;MCI;STE MCI;History;Original History;01/04/2018;5
4001;N.D;MCI;STE MCI;History;Original History;01/04/2018;2
40049426;N.D;MCI;STE MCI;History;Original History;01/04/2018;10
40087153;N.D;MCI;STE MCI;History;Original History;01/04/2018;1
40087155;N.D;MCI;STE MCI;History;Original History;01/04/2018;3
40087156;N.D;MCI;STE MCI;History;Original History;01/04/2018;3
43014;N.D;MCI;STE MCI;History;Original History;01/04/2018;48
43017;N.D;MCI;STE MCI;History;Original History;01/04/2018;66
4,7355E+11;N.D;MCI;STE MCI;History;Original History;01/04/2018;60.27
48100AM;N.D;MCI;STE MCI;History;Original History;01/04/2018;108
48KST04536;N.D;MCI;STE MCI;History;Original History;01/04/2018;107
51-252110-02;N.D;MCI;STE MCI;History;Original History;01/04/2018;40
532-26E/2;N.D;MCI;STE MCI;History;Original History;01/04/2018;40
5701030;N.D;MCI;STE MCI;History;Original History;01/04/2018;100
5ST000070BSO;N.D;MCI;STE MCI;History;Original History;01/04/2018;669
60.5;N.D;MCI;STE MCI;History;Original History;01/04/2018;7
60456/EXO;N.D;MCI;STE MCI;History;Original History;01/04/2018;3
609421;N.D;MCI;STE MCI;History;Original History;01/04/2018;10
628.25AS;N.D;MCI;STE MCI;History;Original History;01/04/2018;48.75
660472;N.D;MCI;STE MCI;History;Original History;01/04/2018;5
6840931;N.D;MCI;STE MCI;History;Original History;01/04/2018;3
700021;N.D;MCI;STE MCI;History;Original History;01/04/2018;560
70002129;N.D;MCI;STE MCI;History;Original History;01/04/2018;1
7113000111000B;N.D;MCI;STE MCI;History;Original History;01/04/2018;3
7117000131000B;N.D;MCI;STE MCI;History;Original History;01/04/2018;1
800-100;N.D;MCI;STE MCI;History;Original History;01/04/2018;4
884-150152;N.D;MCI;STE MCI;History;Original History;01/04/2018;1
9002-G-2600X420;N.D;MCI;STE MCI;History;Original History;01/04/2018;1
9002-G-4300X630;N.D;MCI;STE MCI;History;Original History;01/04/2018;1
91-119283-01;N.D;MCI;STE MCI;History;Original History;01/04/2018;42
91-164673-01;N.D;MCI;STE MCI;History;Original History;01/04/2018;10
9100027725000B;N.D;MCI;STE MCI;History;Original History;01/04/2018;10
9100033815000B;N.D;MCI;STE MCI;History;Original History;01/04/2018;10
9100062115000B;N.D;MCI;STE MCI;History;Original History;01/04/2018;6
9100226225000B;N.D;MCI;STE MCI;History;Original History;01/04/2018;10
9101016605000B;N.D;MCI;STE MCI;History;Original History;01/04/2018;1
9101093705000B;N.D;MCI;STE MCI;History;Original History;01/04/2018;14
9101828591000B;N.D;MCI;STE MCI;History;Original History;01/04/2018;8
9101833905000B;N.D;MCI;STE MCI;History;Original History;01/04/2018;10
9102587405000B;N.D;MCI;STE MCI;History;Original History;01/04/2018;2
9104966403003B;N.D;MCI;STE MCI;History;Original History;01/04/2018;1
9110203105000B;N.D;MCI;STE MCI;History;Original History;01/04/2018;10
9111914225000B;N.D;MCI;STE MCI;History;Original History;01/04/2018;10
9111918605000B;N.D;MCI;STE MCI;History;Original History;01/04/2018;2
91119202044.3;N.D;MCI;STE MCI;History;Original History;01/04/2018;150
9111928205000B;N.D;MCI;STE MCI;History;Original History;01/04/2018;5
9111938105000B;N.D;MCI;STE MCI;History;Original History;01/04/2018;5
9,11195E+12;N.D;MCI;STE MCI;History;Original History;01/04/2018;2
9,11195E+12;N.D;MCI;STE MCI;History;Original History;01/04/2018;1
9111950305000ZZ;N.D;MCI;STE MCI;History;Original History;01/04/2018;1
9112915391000B;N.D;MCI;STE MCI;History;Original History;01/04/2018;20
9112991791001B;N.D;MCI;STE MCI;History;Original History;01/04/2018;2
9,11503E+12;N.D;MCI;STE MCI;History;Original History;01/04/2018;6
9,11508E+12;N.D;MCI;STE MCI;History;Original History;01/04/2018;1
9115078524003B;N.D;MCI;STE MCI;History;Original History;01/04/2018;1
9115086824003B;N.D;MCI;STE MCI;History;Original History;01/04/2018;5
9116469793001B;N.D;MCI;STE MCI;History;Original History;01/04/2018;10
9116819305000B;N.D;MCI;STE MCI;History;Original History;01/04/2018;2
9,11682E+12;N.D;MCI;STE MCI;History;Original History;01/04/2018;3
9,11737E+12;N.D;MCI;STE MCI;History;Original History;01/04/2018;10
9117535805000B;N.D;MCI;STE MCI;History;Original History;01/04/2018;11
9117632805000B;N.D;MCI;STE MCI;History;Original History;01/04/2018;1
9117632905000B;N.D;MCI;STE MCI;History;Original History;01/04/2018;10
9126225091000B;N.D;MCI;STE MCI;History;Original History;01/04/2018;3
9,12624E+12;N.D;MCI;STE MCI;History;Original History;01/04/2018;41
9126327171895B;N.D;MCI;STE MCI;History;Original History;01/04/2018;5
9,12633E+12;N.D;MCI;STE MCI;History;Original History;01/04/2018;5
9126415425000B;N.D;MCI;STE MCI;History;Original History;01/04/2018;30
9126650591000B;N.D;MCI;STE MCI;History;Original History;01/04/2018;4
9150039905000B;N.D;MCI;STE MCI;History;Original History;01/04/2018;10
9150046005000B;N.D;MCI;STE MCI;History;Original History;01/04/2018;4
9151004405000B;N.D;MCI;STE MCI;History;Original History;01/04/2018;5
9170077015000B;N.D;MCI;STE MCI;History;Original History;01/04/2018;10
9198;N.D;MCI;STE MCI;History;Original History;01/04/2018;1
9202;N.D;MCI;STE MCI;History;Original History;01/04/2018;1
9577820093001B;N.D;MCI;STE MCI;History;Original History;01/04/2018;4
ADRI.ETRW;N.D;MCI;STE MCI;History;Original History;01/04/2018;300
ADRI.PIN8F;N.D;MCI;STE MCI;History;Original History;01/04/2018;5
ADRI.PIN8P;N.D;MCI;STE MCI;History;Original History;01/04/2018;7
ADRI.POTCOLLE;N.D;MCI;STE MCI;History;Original History;01/04/2018;12
ADRI.SILVER;N.D;MCI;STE MCI;History;Original History;01/04/2018;800
AE-910/18;N.D;MCI;STE MCI;History;Original History;01/04/2018;5
ART.2512;N.D;MCI;STE MCI;History;Original History;01/04/2018;23
ART.511;N.D;MCI;STE MCI;History;Original History;01/04/2018;20
B40C1147-5000;N.D;MCI;STE MCI;History;Original History;01/04/2018;24
B40C1220-5000;N.D;MCI;STE MCI;History;Original History;01/04/2018;12
B40C1329-5000;N.D;MCI;STE MCI;History;Original History;01/04/2018;36
B40C1371-5000;N.D;MCI;STE MCI;History;Original History;01/04/2018;24
B40C2001-5000;N.D;MCI;STE MCI;History;Original History;01/04/2018;312
B40C2009-5000;N.D;MCI;STE MCI;History;Original History;01/04/2018;1
B40C2044-5000;N.D;MCI;STE MCI;History;Original History;01/04/2018;108
B40C2091-5000;N.D;MCI;STE MCI;History;Original History;01/04/2018;12
B40C5466-5000;N.D;MCI;STE MCI;History;Original History;01/04/2018;72
B40C6343-5000;N.D;MCI;STE MCI;History;Original History;01/04/2018;8
BD-30X2;N.D;MCI;STE MCI;History;Original History;01/04/2018;320
BE-30X2;N.D;MCI;STE MCI;History;Original History;01/04/2018;160
BIAD622-300MM;N.D;MCI;STE MCI;History;Original History;01/04/2018;8
BIAD622-50MM;N.D;MCI;STE MCI;History;Original History;01/04/2018;282
BIAD622-750MM;N.D;MCI;STE MCI;History;Original History;01/04/2018;8
BIPLAST05/100V;N.D;MCI;STE MCI;History;Original History;01/04/2018;29.6
BS200-ROLL;N.D;MCI;STE MCI;History;Original History;01/04/2018;1
C01247;N.D;MCI;STE MCI;History;Original History;01/04/2018;2
CNW50G90X300B;N.D;MCI;STE MCI;History;Original History;01/04/2018;1200
CNW50G90X300N;N.D;MCI;STE MCI;History;Original History;01/04/2018;600
CP-PF490TR;N.D;MCI;STE MCI;History;Original History;01/04/2018;2
CR01301;N.D;MCI;STE MCI;History;Original History;01/04/2018;2
CREPE;N.D;MCI;STE MCI;History;Original History;01/04/2018;1
DA0888200040;N.D;MCI;STE MCI;History;Original History;01/04/2018;5
DA0888200050;N.D;MCI;STE MCI;History;Original History;01/04/2018;5
DA0888200270;N.D;MCI;STE MCI;History;Original History;01/04/2018;10
DA0888200280;N.D;MCI;STE MCI;History;Original History;01/04/2018;10
DA0888220010;N.D;MCI;STE MCI;History;Original History;01/04/2018;2
DA0888220020;N.D;MCI;STE MCI;History;Original History;01/04/2018;6
DA0888220040;N.D;MCI;STE MCI;History;Original History;01/04/2018;2
DA0888220090;N.D;MCI;STE MCI;History;Original History;01/04/2018;2
DA0888220783;N.D;MCI;STE MCI;History;Original History;01/04/2018;2
DA0992016580;N.D;MCI;STE MCI;History;Original History;01/04/2018;10
DA9129020120;N.D;MCI;STE MCI;History;Original History;01/04/2018;46
DB-K5/60SES;N.D;MCI;STE MCI;History;Original History;01/04/2018;600
DS-66M-220V;N.D;MCI;STE MCI;History;Original History;01/04/2018;22
DSH-PF490TR;N.D;MCI;STE MCI;History;Original History;01/04/2018;2
DSH-PF591;N.D;MCI;STE MCI;History;Original History;01/04/2018;4
E-5165;N.D;MCI;STE MCI;History;Original History;01/04/2018;4
EVA.F3MMB;N.D;MCI;STE MCI;History;Original History;01/04/2018;10
F51CNI340;N.D;MCI;STE MCI;History;Original History;01/04/2018;24
F532-10600-S;N.D;MCI;STE MCI;History;Original History;01/04/2018;1
F532-361;N.D;MCI;STE MCI;History;Original History;01/04/2018;2
FYT-200T/436;N.D;MCI;STE MCI;History;Original History;01/04/2018;20
FYT-200T/449;N.D;MCI;STE MCI;History;Original History;01/04/2018;4
FYT-200T/456;N.D;MCI;STE MCI;History;Original History;01/04/2018;15
FYT-200T/499;N.D;MCI;STE MCI;History;Original History;01/04/2018;15
G16;N.D;MCI;STE MCI;History;Original History;01/04/2018;24
G17;N.D;MCI;STE MCI;History;Original History;01/04/2018;12
G7E;N.D;MCI;STE MCI;History;Original History;01/04/2018;10
GP2-71;N.D;MCI;STE MCI;History;Original History;01/04/2018;20
GR367-3MM-INT;N.D;MCI;STE MCI;History;Original History;01/04/2018;4
GR367X-3MM-EXT;N.D;MCI;STE MCI;History;Original History;01/04/2018;10
GR367X-3MM-INT;N.D;MCI;STE MCI;History;Original History;01/04/2018;6
H16MM-JL001;N.D;MCI;STE MCI;History;Original History;01/04/2018;125
H1800X500X50B;N.D;MCI;STE MCI;History;Original History;01/04/2018;2
H220X220X10B;N.D;MCI;STE MCI;History;Original History;01/04/2018;12
H900X450X50B;N.D;MCI;STE MCI;History;Original History;01/04/2018;16
H900X450X50SB;N.D;MCI;STE MCI;History;Original History;01/04/2018;16
H900X450X50SV;N.D;MCI;STE MCI;History;Original History;01/04/2018;7
K1.0C101-500;N.D;MCI;STE MCI;History;Original History;01/04/2018;5
K1.0C120-500;N.D;MCI;STE MCI;History;Original History;01/04/2018;10
K28474700000;N.D;MCI;STE MCI;History;Original History;01/04/2018;33
KP367LN;N.D;MCI;STE MCI;History;Original History;01/04/2018;3
KP367RN;N.D;MCI;STE MCI;History;Original History;01/04/2018;3
KP768-I-8MM;N.D;MCI;STE MCI;History;Original History;01/04/2018;5
L-300;N.D;MCI;STE MCI;History;Original History;01/04/2018;60
L16MM-JL001;N.D;MCI;STE MCI;History;Original History;01/04/2018;200
LA2790X50X0.6;N.D;MCI;STE MCI;History;Original History;01/04/2018;10
LA3500X50X0.7;N.D;MCI;STE MCI;History;Original History;01/04/2018;5
LA3570X50X0.8;N.D;MCI;STE MCI;History;Original History;01/04/2018;3
LATEX3MMD20AD;N.D;MCI;STE MCI;History;Original History;01/04/2018;75
LP8971-I-AUT;N.D;MCI;STE MCI;History;Original History;01/04/2018;2
LP9971;N.D;MCI;STE MCI;History;Original History;01/04/2018;1
LP9974;N.D;MCI;STE MCI;History;Original History;01/04/2018;1
LPP-3;N.D;MCI;STE MCI;History;Original History;01/04/2018;80
LPP-5;N.D;MCI;STE MCI;History;Original History;01/04/2018;5
LPP-9;N.D;MCI;STE MCI;History;Original History;01/04/2018;5
LUSTAFILTM4138;N.D;MCI;STE MCI;History;Original History;01/04/2018;3.3
M90605010;N.D;MCI;STE MCI;History;Original History;01/04/2018;6
M90815002;N.D;MCI;STE MCI;History;Original History;01/04/2018;20
ME10A2101;N.D;MCI;STE MCI;History;Original History;01/04/2018;1
MF15C1-2500;N.D;MCI;STE MCI;History;Original History;01/04/2018;576
MF2036;N.D;MCI;STE MCI;History;Original History;01/04/2018;5
MF20C58-1500;N.D;MCI;STE MCI;History;Original History;01/04/2018;8
MF30C00-1KG;N.D;MCI;STE MCI;History;Original History;01/04/2018;3
MF30C012-2500;N.D;MCI;STE MCI;History;Original History;01/04/2018;2
MF30C04-2500MT;N.D;MCI;STE MCI;History;Original History;01/04/2018;40
MF30C511-2500;N.D;MCI;STE MCI;History;Original History;01/04/2018;2
MF30C5322-2500;N.D;MCI;STE MCI;History;Original History;01/04/2018;8
MF30C5504-2500;N.D;MCI;STE MCI;History;Original History;01/04/2018;8
MF30C57-2500;N.D;MCI;STE MCI;History;Original History;01/04/2018;10
MF30C715-2500;N.D;MCI;STE MCI;History;Original History;01/04/2018;8
MF30C9-1KG;N.D;MCI;STE MCI;History;Original History;01/04/2018;9
MF40C00-3000;N.D;MCI;STE MCI;History;Original History;01/04/2018;16
MF40C011-3000;N.D;MCI;STE MCI;History;Original History;01/04/2018;32
MF40C03-3000;N.D;MCI;STE MCI;History;Original History;01/04/2018;8
MF40C202-3000;N.D;MCI;STE MCI;History;Original History;01/04/2018;8
MF40C3-3000;N.D;MCI;STE MCI;History;Original History;01/04/2018;8
MF40C390-3000;N.D;MCI;STE MCI;History;Original History;01/04/2018;8
MF40C4-3000;N.D;MCI;STE MCI;History;Original History;01/04/2018;56
MF40C43-3000;N.D;MCI;STE MCI;History;Original History;01/04/2018;8
MF40C5-3000;N.D;MCI;STE MCI;History;Original History;01/04/2018;24
MF40C510-3000;N.D;MCI;STE MCI;History;Original History;01/04/2018;8
MF40C511-3000;N.D;MCI;STE MCI;History;Original History;01/04/2018;8
MF40C512-3000;N.D;MCI;STE MCI;History;Original History;01/04/2018;8
MF40C5322-3000;N.D;MCI;STE MCI;History;Original History;01/04/2018;8
MF40C5328-3000;N.D;MCI;STE MCI;History;Original History;01/04/2018;8
MF40C5340-10M;N.D;MCI;STE MCI;History;Original History;01/04/2018;96
MF40C5340-3000;N.D;MCI;STE MCI;History;Original History;01/04/2018;48
MF40C5352-250;N.D;MCI;STE MCI;History;Original History;01/04/2018;8
MF40C5500-3000;N.D;MCI;STE MCI;History;Original History;01/04/2018;16
MF40C5504-3000;N.D;MCI;STE MCI;History;Original History;01/04/2018;8
MF40C57-3000;N.D;MCI;STE MCI;History;Original History;01/04/2018;8
MF40C59-3000;N.D;MCI;STE MCI;History;Original History;01/04/2018;40
MF40C6413-3000;N.D;MCI;STE MCI;History;Original History;01/04/2018;16
MF40C715-3000;N.D;MCI;STE MCI;History;Original History;01/04/2018;8
MF40C75-3000;N.D;MCI;STE MCI;History;Original History;01/04/2018;8
MF40C811-3000;N.D;MCI;STE MCI;History;Original History;01/04/2018;8
MF40C9-3000;N.D;MCI;STE MCI;History;Original History;01/04/2018;56
MF60C00-5000;N.D;MCI;STE MCI;History;Original History;01/04/2018;72
MF60C183-5000;N.D;MCI;STE MCI;History;Original History;01/04/2018;16
MF60C5-5000;N.D;MCI;STE MCI;History;Original History;01/04/2018;32
MF60C6282-5000;N.D;MCI;STE MCI;History;Original History;01/04/2018;24
MF60C835-5000;N.D;MCI;STE MCI;History;Original History;01/04/2018;24
MF60C9-5000;N.D;MCI;STE MCI;History;Original History;01/04/2018;64
MF80C37-25M;N.D;MCI;STE MCI;History;Original History;01/04/2018;24
MF80C5340-25M;N.D;MCI;STE MCI;History;Original History;01/04/2018;48
MH10A0848;N.D;MCI;STE MCI;History;Original History;01/04/2018;2
MN52A2245;N.D;MCI;STE MCI;History;Original History;01/04/2018;5
MN72A1694;N.D;MCI;STE MCI;History;Original History;01/04/2018;1
MO1MMD67AD;N.D;MCI;STE MCI;History;Original History;01/04/2018;178.5
MO2MMD30AD;N.D;MCI;STE MCI;History;Original History;01/04/2018;75
MP41A0838;N.D;MCI;STE MCI;History;Original History;01/04/2018;5
MP41B0838;N.D;MCI;STE MCI;History;Original History;01/04/2018;5
MS01A0121;N.D;MCI;STE MCI;History;Original History;01/04/2018;1
MS01A0329;N.D;MCI;STE MCI;History;Original History;01/04/2018;1
MS01A0660;N.D;MCI;STE MCI;History;Original History;01/04/2018;1
MS03B0838;N.D;MCI;STE MCI;History;Original History;01/04/2018;1
MS14A0838;N.D;MCI;STE MCI;History;Original History;01/04/2018;1
MT24202;N.D;MCI;STE MCI;History;Original History;01/04/2018;15
MT24204;N.D;MCI;STE MCI;History;Original History;01/04/2018;2
N655/2000;N.D;MCI;STE MCI;History;Original History;01/04/2018;680
N658-T;N.D;MCI;STE MCI;History;Original History;01/04/2018;580
NL100-ROLL;N.D;MCI;STE MCI;History;Original History;01/04/2018;1
NL150-ROLL;N.D;MCI;STE MCI;History;Original History;01/04/2018;1
NP40G70BL/RE;N.D;MCI;STE MCI;History;Original History;01/04/2018;6900
NP40G90BL/RE;N.D;MCI;STE MCI;History;Original History;01/04/2018;15900
NP50G90BL/505AD;N.D;MCI;STE MCI;History;Original History;01/04/2018;1050
NYCOT6MMN;N.D;MCI;STE MCI;History;Original History;01/04/2018;100
O367150270;N.D;MCI;STE MCI;History;Original History;01/04/2018;110
O367225043;N.D;MCI;STE MCI;History;Original History;01/04/2018;20
O367225053;N.D;MCI;STE MCI;History;Original History;01/04/2018;30
O467220013;N.D;MCI;STE MCI;History;Original History;01/04/2018;30
O467220043;N.D;MCI;STE MCI;History;Original History;01/04/2018;30
OBS000070120;N.D;MCI;STE MCI;History;Original History;01/04/2018;183
OL-ASB-10;N.D;MCI;STE MCI;History;Original History;01/04/2018;2840
PES40-3250N;N.D;MCI;STE MCI;History;Original History;01/04/2018;80
PF-101059;N.D;MCI;STE MCI;History;Original History;01/04/2018;100
PF-119115;N.D;MCI;STE MCI;History;Original History;01/04/2018;2
PF-119802;N.D;MCI;STE MCI;History;Original History;01/04/2018;2
PF-119803;N.D;MCI;STE MCI;History;Original History;01/04/2018;2
PF-171049;N.D;MCI;STE MCI;History;Original History;01/04/2018;10
PF-175096-2;N.D;MCI;STE MCI;History;Original History;01/04/2018;4
PFF0001;N.D;MCI;STE MCI;History;Original History;01/04/2018;30
PSA-1000X0.254;N.D;MCI;STE MCI;History;Original History;01/04/2018;0.5
PT110F36/1RW;N.D;MCI;STE MCI;History;Original History;01/04/2018;205.73
PT50F36/1B;N.D;MCI;STE MCI;History;Original History;01/04/2018;1.3
PT50F36/1RW;N.D;MCI;STE MCI;History;Original History;01/04/2018;101.44
PT78/1BRW;N.D;MCI;STE MCI;History;Original History;01/04/2018;1.37
PT78F36/1B;N.D;MCI;STE MCI;History;Original History;01/04/2018;99.67
PX-5203;N.D;MCI;STE MCI;History;Original History;01/04/2018;2
R07401;N.D;MCI;STE MCI;History;Original History;01/04/2018;5
R07402;N.D;MCI;STE MCI;History;Original History;01/04/2018;5
R70X40X1.0;N.D;MCI;STE MCI;History;Original History;01/04/2018;10
REPARATION;N.D;MCI;STE MCI;History;Original History;01/04/2018;7
RN19;N.D;MCI;STE MCI;History;Original History;01/04/2018;6
RT/F30B;N.D;MCI;STE MCI;History;Original History;01/04/2018;216
RT/F33F;N.D;MCI;STE MCI;History;Original History;01/04/2018;24
RT07+2FS07;N.D;MCI;STE MCI;History;Original History;01/04/2018;1
RUB20X1.0X1.0;N.D;MCI;STE MCI;History;Original History;01/04/2018;80
RUB50X1.5X1.5;N.D;MCI;STE MCI;History;Original History;01/04/2018;60
S-KMR-S-0.40MM;N.D;MCI;STE MCI;History;Original History;01/04/2018;1500
S-KMR-S-0.60MM;N.D;MCI;STE MCI;History;Original History;01/04/2018;750
S505;N.D;MCI;STE MCI;History;Original History;01/04/2018;60
S8012;N.D;MCI;STE MCI;History;Original History;01/04/2018;3
S981008820;N.D;MCI;STE MCI;History;Original History;01/04/2018;2
SA-1305;N.D;MCI;STE MCI;History;Original History;01/04/2018;20
SB-145;N.D;MCI;STE MCI;History;Original History;01/04/2018;100
SB60GR24X200B;N.D;MCI;STE MCI;History;Original History;01/04/2018;765
SB60GR30X200B;N.D;MCI;STE MCI;History;Original History;01/04/2018;180
SC181;N.D;MCI;STE MCI;History;Original History;01/04/2018;1
SC39;N.D;MCI;STE MCI;History;Original History;01/04/2018;1
SD0640325SP;N.D;MCI;STE MCI;History;Original History;01/04/2018;2
SG05;N.D;MCI;STE MCI;History;Original History;01/04/2018;3
SH181;N.D;MCI;STE MCI;History;Original History;01/04/2018;1
SL-32/105;N.D;MCI;STE MCI;History;Original History;01/04/2018;30
SP600-ROLL;N.D;MCI;STE MCI;History;Original History;01/04/2018;5.2
SP699-ROLL;N.D;MCI;STE MCI;History;Original History;01/04/2018;1
SQ01;N.D;MCI;STE MCI;History;Original History;01/04/2018;22
SQ29;N.D;MCI;STE MCI;History;Original History;01/04/2018;11
SR01;N.D;MCI;STE MCI;History;Original History;01/04/2018;1
SR43;N.D;MCI;STE MCI;History;Original History;01/04/2018;14
SR45;N.D;MCI;STE MCI;History;Original History;01/04/2018;5
SRP-G;N.D;MCI;STE MCI;History;Original History;01/04/2018;200
SS6121610TP;N.D;MCI;STE MCI;History;Original History;01/04/2018;2
SS7080510TP;N.D;MCI;STE MCI;History;Original History;01/04/2018;5
ST16;N.D;MCI;STE MCI;History;Original History;01/04/2018;10
SU16;N.D;MCI;STE MCI;History;Original History;01/04/2018;10
SX08;N.D;MCI;STE MCI;History;Original History;01/04/2018;4
SX110.C;N.D;MCI;STE MCI;History;Original History;01/04/2018;3
SX22;N.D;MCI;STE MCI;History;Original History;01/04/2018;34
SX25;N.D;MCI;STE MCI;History;Original History;01/04/2018;2
SY23;N.D;MCI;STE MCI;History;Original History;01/04/2018;5
T401-0.45;N.D;MCI;STE MCI;History;Original History;01/04/2018;150
T437-1.50;N.D;MCI;STE MCI;History;Original History;01/04/2018;201
T484-0.55-STONE;N.D;MCI;STE MCI;History;Original History;01/04/2018;100.5
T696-1.00;N.D;MCI;STE MCI;History;Original History;01/04/2018;67.5
T696-1.75;N.D;MCI;STE MCI;History;Original History;01/04/2018;135
T696-2.00;N.D;MCI;STE MCI;History;Original History;01/04/2018;105
T97-2.00-BEI;N.D;MCI;STE MCI;History;Original History;01/04/2018;30
TAGS-15MM;N.D;MCI;STE MCI;History;Original History;01/04/2018;2
TBOARDPCF1.75;N.D;MCI;STE MCI;History;Original History;01/04/2018;112
TC801-WK;N.D;MCI;STE MCI;History;Original History;01/04/2018;232
TF50M;N.D;MCI;STE MCI;History;Original History;01/04/2018;600
TNT100NAD;N.D;MCI;STE MCI;History;Original History;01/04/2018;385.5
U100C1-10000;N.D;MCI;STE MCI;History;Original History;01/04/2018;120
U100C9-10000;N.D;MCI;STE MCI;History;Original History;01/04/2018;20
U17BFV;N.D;MCI;STE MCI;History;Original History;01/04/2018;1
VGC250F800A00;N.D;MCI;STE MCI;History;Original History;01/04/2018;509
WL26+24G70X200N;N.D;MCI;STE MCI;History;Original History;01/04/2018;200
Z-27/880/100;N.D;MCI;STE MCI;History;Original History;01/04/2018;560
ZS-51_1.4RD_K120;N.D;MCI;STE MCI;History;Original History;01/04/2018;4
16964;N.D;MCI;STE MCI;History;Original History;01/07/2018;55
16965;N.D;MCI;STE MCI;History;Original History;01/07/2018;76
67220723;N.D;MCI;STE MCI;History;Original History;01/07/2018;1
1001567;N.D;MCI;STE MCI;History;Original History;01/07/2018;3
1050000001;N.D;MCI;STE MCI;History;Original History;01/07/2018;105
01E01535;N.D;MCI;STE MCI;History;Original History;01/07/2018;1
2000310;N.D;MCI;STE MCI;History;Original History;01/07/2018;2
2000838;N.D;MCI;STE MCI;History;Original History;01/07/2018;1
2001682;N.D;MCI;STE MCI;History;Original History;01/07/2018;1
025CA;N.D;MCI;STE MCI;History;Original History;01/07/2018;6
111/161110055;N.D;MCI;STE MCI;History;Original History;01/07/2018;0.5
115059013101F;N.D;MCI;STE MCI;History;Original History;01/07/2018;24
119202/4.3;N.D;MCI;STE MCI;History;Original History;01/07/2018;100
13155403;N.D;MCI;STE MCI;History;Original History;01/07/2018;4
13201207;N.D;MCI;STE MCI;History;Original History;01/07/2018;8
134LR/100GB;N.D;MCI;STE MCI;History;Original History;01/07/2018;200
134LR/90GB;N.D;MCI;STE MCI;History;Original History;01/07/2018;100
1,46501E+12;N.D;MCI;STE MCI;History;Original History;01/07/2018;
1486;N.D;MCI;STE MCI;History;Original History;01/07/2018;10
149515035501F;N.D;MCI;STE MCI;History;Original History;01/07/2018;36
149521035501F;N.D;MCI;STE MCI;History;Original History;01/07/2018;2
15158/20;N.D;MCI;STE MCI;History;Original History;01/07/2018;10
1640997205000B;N.D;MCI;STE MCI;History;Original History;01/07/2018;1
181/R;N.D;MCI;STE MCI;History;Original History;01/07/2018;16
186-F15;N.D;MCI;STE MCI;History;Original History;01/07/2018;2
190-F12;N.D;MCI;STE MCI;History;Original History;01/07/2018;2
19KST04596;N.D;MCI;STE MCI;History;Original History;01/07/2018;379
1C-250;N.D;MCI;STE MCI;History;Original History;01/07/2018;750
1ET000001;N.D;MCI;STE MCI;History;Original History;01/07/2018;12
200-SR/75;N.D;MCI;STE MCI;History;Original History;01/07/2018;70
2000;N.D;MCI;STE MCI;History;Original History;01/07/2018;100
200PCA;N.D;MCI;STE MCI;History;Original History;01/07/2018;1
21;N.D;MCI;STE MCI;History;Original History;01/07/2018;40
2350N2000;N.D;MCI;STE MCI;History;Original History;01/07/2018;54
2415;N.D;MCI;STE MCI;History;Original History;01/07/2018;888
24KSF04572C;N.D;MCI;STE MCI;History;Original History;01/07/2018;144
2881-8X9X8MM;N.D;MCI;STE MCI;History;Original History;01/07/2018;60
295;N.D;MCI;STE MCI;History;Original History;01/07/2018;245
3067;N.D;MCI;STE MCI;History;Original History;01/07/2018;4
3,0816E+11;N.D;MCI;STE MCI;History;Original History;01/07/2018;45.26
316.13;N.D;MCI;STE MCI;History;Original History;01/07/2018;1
316.13AD;N.D;MCI;STE MCI;History;Original History;01/07/2018;33
3,30162E+11;N.D;MCI;STE MCI;History;Original History;01/07/2018;30
330H-W_EX;N.D;MCI;STE MCI;History;Original History;01/07/2018;35
3345;N.D;MCI;STE MCI;History;Original History;01/07/2018;20
340606;N.D;MCI;STE MCI;History;Original History;01/07/2018;5
350-S;N.D;MCI;STE MCI;History;Original History;01/07/2018;157.5
361;N.D;MCI;STE MCI;History;Original History;01/07/2018;10
3630N10C848;N.D;MCI;STE MCI;History;Original History;01/07/2018;16.72
43014;N.D;MCI;STE MCI;History;Original History;01/07/2018;42
43017;N.D;MCI;STE MCI;History;Original History;01/07/2018;60
43033;N.D;MCI;STE MCI;History;Original History;01/07/2018;31
450-S;N.D;MCI;STE MCI;History;Original History;01/07/2018;2025
4,7355E+11;N.D;MCI;STE MCI;History;Original History;01/07/2018;43.63
48100AM1;N.D;MCI;STE MCI;History;Original History;01/07/2018;360
48100AT;N.D;MCI;STE MCI;History;Original History;01/07/2018;108
48100MLN;N.D;MCI;STE MCI;History;Original History;01/07/2018;180
48KST04536;N.D;MCI;STE MCI;History;Original History;01/07/2018;180
4V19R064;N.D;MCI;STE MCI;History;Original History;01/07/2018;1000
4V3225D30;N.D;MCI;STE MCI;History;Original History;01/07/2018;1000
51-252110-02;N.D;MCI;STE MCI;History;Original History;01/07/2018;50
532-26E/2;N.D;MCI;STE MCI;History;Original History;01/07/2018;56
532-26E/3;N.D;MCI;STE MCI;History;Original History;01/07/2018;1
5701030;N.D;MCI;STE MCI;History;Original History;01/07/2018;32
5ST000070BSO;N.D;MCI;STE MCI;History;Original History;01/07/2018;525
6003402;N.D;MCI;STE MCI;History;Original History;01/07/2018;40
700021;N.D;MCI;STE MCI;History;Original History;01/07/2018;310
7113000639000B;N.D;MCI;STE MCI;History;Original History;01/07/2018;5
7117000214000B;N.D;MCI;STE MCI;History;Original History;01/07/2018;2
800-100;N.D;MCI;STE MCI;History;Original History;01/07/2018;6
800-326/2;N.D;MCI;STE MCI;History;Original History;01/07/2018;4
91-042819-83;N.D;MCI;STE MCI;History;Original History;01/07/2018;1
91-046497-05;N.D;MCI;STE MCI;History;Original History;01/07/2018;1
91-046498-05;N.D;MCI;STE MCI;History;Original History;01/07/2018;1
91-119283-01;N.D;MCI;STE MCI;History;Original History;01/07/2018;27
9101093705000B;N.D;MCI;STE MCI;History;Original History;01/07/2018;10
9104867004002B;N.D;MCI;STE MCI;History;Original History;01/07/2018;8
9110203105000B;N.D;MCI;STE MCI;History;Original History;01/07/2018;10
91119202044.3;N.D;MCI;STE MCI;History;Original History;01/07/2018;100
91119444044.3;N.D;MCI;STE MCI;History;Original History;01/07/2018;50
9,11195E+12;N.D;MCI;STE MCI;History;Original History;01/07/2018;
9,11197E+12;N.D;MCI;STE MCI;History;Original History;01/07/2018;
9111979511000B;N.D;MCI;STE MCI;History;Original History;01/07/2018;
9,11507E+12;N.D;MCI;STE MCI;History;Original History;01/07/2018;4
9116430393001B;N.D;MCI;STE MCI;History;Original History;01/07/2018;1
9116809904000B;N.D;MCI;STE MCI;History;Original History;01/07/2018;1
9,11737E+12;N.D;MCI;STE MCI;History;Original History;01/07/2018;10
9117509905000B;N.D;MCI;STE MCI;History;Original History;01/07/2018;5
9,11753E+12;N.D;MCI;STE MCI;History;Original History;01/07/2018;4
9126225091000B;N.D;MCI;STE MCI;History;Original History;01/07/2018;4
9126424005000B;N.D;MCI;STE MCI;History;Original History;01/07/2018;3
A041359500;N.D;MCI;STE MCI;History;Original History;01/07/2018;150
AD/80;N.D;MCI;STE MCI;History;Original History;01/07/2018;5
ADRI.ETRP;N.D;MCI;STE MCI;History;Original History;01/07/2018;200
ADRI.ETRR;N.D;MCI;STE MCI;History;Original History;01/07/2018;700
ADRI.ETRW;N.D;MCI;STE MCI;History;Original History;01/07/2018;1300
ADRI.PIN6F;N.D;MCI;STE MCI;History;Original History;01/07/2018;12
ADRI.PIN6P;N.D;MCI;STE MCI;History;Original History;01/07/2018;36
ADRI.POTCOLLE1.5;N.D;MCI;STE MCI;History;Original History;01/07/2018;6
ADRI.SILVER;N.D;MCI;STE MCI;History;Original History;01/07/2018;600
AE-19X2;N.D;MCI;STE MCI;History;Original History;01/07/2018;120
AE-910/01;N.D;MCI;STE MCI;History;Original History;01/07/2018;5
ART.511;N.D;MCI;STE MCI;History;Original History;01/07/2018;80
AT18C18MM;N.D;MCI;STE MCI;History;Original History;01/07/2018;1
B40C1147-5000;N.D;MCI;STE MCI;History;Original History;01/07/2018;156
B40C2001-5000;N.D;MCI;STE MCI;History;Original History;01/07/2018;240
B40C2044-5000;N.D;MCI;STE MCI;History;Original History;01/07/2018;72
B40C2091-5000;N.D;MCI;STE MCI;History;Original History;01/07/2018;12
B40C5155-5000;N.D;MCI;STE MCI;History;Original History;01/07/2018;5
B40C5433-5000;N.D;MCI;STE MCI;History;Original History;01/07/2018;6
BB.RAPSOL98;N.D;MCI;STE MCI;History;Original History;01/07/2018;12
BB.ULTRALUB;N.D;MCI;STE MCI;History;Original History;01/07/2018;1
BD-30X2;N.D;MCI;STE MCI;History;Original History;01/07/2018;270
BD-32X2;N.D;MCI;STE MCI;History;Original History;01/07/2018;80
BE-19X2.5;N.D;MCI;STE MCI;History;Original History;01/07/2018;700
BIAD622-10MM;N.D;MCI;STE MCI;History;Original History;01/07/2018;30
BIAD622-300MM;N.D;MCI;STE MCI;History;Original History;01/07/2018;4
BIAD622-50MM;N.D;MCI;STE MCI;History;Original History;01/07/2018;96
BIAD622-750MM;N.D;MCI;STE MCI;History;Original History;01/07/2018;2
BIFIRM0.80;N.D;MCI;STE MCI;History;Original History;01/07/2018;30.45
BIPLAST05/100V;N.D;MCI;STE MCI;History;Original History;01/07/2018;29.5
CF1000;N.D;MCI;STE MCI;History;Original History;01/07/2018;1
CH00800060230025;N.D;MCI;STE MCI;History;Original History;01/07/2018;4
CNW50G90X300B;N.D;MCI;STE MCI;History;Original History;01/07/2018;3000
CNW50G90X300N;N.D;MCI;STE MCI;History;Original History;01/07/2018;5700
COL23;N.D;MCI;STE MCI;History;Original History;01/07/2018;2
CP-PF151;N.D;MCI;STE MCI;History;Original History;01/07/2018;
CP-PF490TR;N.D;MCI;STE MCI;History;Original History;01/07/2018;1
CP-PF591;N.D;MCI;STE MCI;History;Original History;01/07/2018;4
CR01301;N.D;MCI;STE MCI;History;Original History;01/07/2018;4
CREPE;N.D;MCI;STE MCI;History;Original History;01/07/2018;4
DA0888200050;N.D;MCI;STE MCI;History;Original History;01/07/2018;1
DS-66M-220V;N.D;MCI;STE MCI;History;Original History;01/07/2018;30
DSH-PF490-A;N.D;MCI;STE MCI;History;Original History;01/07/2018;1
DSH-PF490A5TR;N.D;MCI;STE MCI;History;Original History;01/07/2018;24
DSH-PF490TR;N.D;MCI;STE MCI;History;Original History;01/07/2018;25
DSH-PF591;N.D;MCI;STE MCI;History;Original History;01/07/2018;4
E-5135;N.D;MCI;STE MCI;History;Original History;01/07/2018;24
E-5165;N.D;MCI;STE MCI;History;Original History;01/07/2018;43
EVA.F3MMB;N.D;MCI;STE MCI;History;Original History;01/07/2018;200
EVA.F3MMN;N.D;MCI;STE MCI;History;Original History;01/07/2018;200
F51CNI340;N.D;MCI;STE MCI;History;Original History;01/07/2018;72
F532-10600-S;N.D;MCI;STE MCI;History;Original History;01/07/2018;3
F655-1246;N.D;MCI;STE MCI;History;Original History;01/07/2018;2
F655-316;N.D;MCI;STE MCI;History;Original History;01/07/2018;10
FTP300-50MM;N.D;MCI;STE MCI;History;Original History;01/07/2018;600
FTP300-75MM;N.D;MCI;STE MCI;History;Original History;01/07/2018;1100
FYT-200T/400;N.D;MCI;STE MCI;History;Original History;01/07/2018;33
FYT-200T/401;N.D;MCI;STE MCI;History;Original History;01/07/2018;43
FYT-200T/405;N.D;MCI;STE MCI;History;Original History;01/07/2018;9.9
FYT-200T/438;N.D;MCI;STE MCI;History;Original History;01/07/2018;10
FYT-200T/456;N.D;MCI;STE MCI;History;Original History;01/07/2018;7
FYT-200T/459;N.D;MCI;STE MCI;History;Original History;01/07/2018;36
G60100;N.D;MCI;STE MCI;History;Original History;01/07/2018;2
GP020-100CM;N.D;MCI;STE MCI;History;Original History;01/07/2018;70
GP020-5CM;N.D;MCI;STE MCI;History;Original History;01/07/2018;6
H2000X750X50B;N.D;MCI;STE MCI;History;Original History;01/07/2018;2
H900X450X20B;N.D;MCI;STE MCI;History;Original History;01/07/2018;2
H900X450X50NL;N.D;MCI;STE MCI;History;Original History;01/07/2018;1
H900X450X50SB;N.D;MCI;STE MCI;History;Original History;01/07/2018;32
H900X450X50SR;N.D;MCI;STE MCI;History;Original History;01/07/2018;10
H900X450X50SV;N.D;MCI;STE MCI;History;Original History;01/07/2018;16
IA15C20G;N.D;MCI;STE MCI;History;Original History;01/07/2018;2
K1.0C136-500;N.D;MCI;STE MCI;History;Original History;01/07/2018;24
KP767-8MM-EXT;N.D;MCI;STE MCI;History;Original History;01/07/2018;3
KP767-RESSORT;N.D;MCI;STE MCI;History;Original History;01/07/2018;20
KP768-I-8MM;N.D;MCI;STE MCI;History;Original History;01/07/2018;5
L-300;N.D;MCI;STE MCI;History;Original History;01/07/2018;200
LA2065X40X0.4;N.D;MCI;STE MCI;History;Original History;01/07/2018;2
LA2662X50X0.6;N.D;MCI;STE MCI;History;Original History;01/07/2018;3
LA2790X50X0.6;N.D;MCI;STE MCI;History;Original History;01/07/2018;2
LA2830X50X0.6;N.D;MCI;STE MCI;History;Original History;01/07/2018;5
LA3500X50X0.7;N.D;MCI;STE MCI;History;Original History;01/07/2018;1
LAMPE7W-G23;N.D;MCI;STE MCI;History;Original History;01/07/2018;10
LP8971-I-AUT;N.D;MCI;STE MCI;History;Original History;01/07/2018;
LPP-3;N.D;MCI;STE MCI;History;Original History;01/07/2018;12
LPP-5;N.D;MCI;STE MCI;History;Original History;01/07/2018;400
LPP-9;N.D;MCI;STE MCI;History;Original History;01/07/2018;5
LUSTAFILTM4129;N.D;MCI;STE MCI;History;Original History;01/07/2018;2.2
LUSTAFILTM4138;N.D;MCI;STE MCI;History;Original History;01/07/2018;2.2
LUSTAFILTM4182;N.D;MCI;STE MCI;History;Original History;01/07/2018;2.2
M90322063;N.D;MCI;STE MCI;History;Original History;01/07/2018;5
M90361037;N.D;MCI;STE MCI;History;Original History;01/07/2018;20
M90990002;N.D;MCI;STE MCI;History;Original History;01/07/2018;10
MA-1W/ESP;N.D;MCI;STE MCI;History;Original History;01/07/2018;1180
MB18A0470;N.D;MCI;STE MCI;History;Original History;01/07/2018;2
MB18A0750;N.D;MCI;STE MCI;History;Original History;01/07/2018;5
MB18A2411;N.D;MCI;STE MCI;History;Original History;01/07/2018;10
MB18B6601;N.D;MCI;STE MCI;History;Original History;01/07/2018;4
MB18E0199;N.D;MCI;STE MCI;History;Original History;01/07/2018;4
MB18E0339;N.D;MCI;STE MCI;History;Original History;01/07/2018;4
MB18E1339;N.D;MCI;STE MCI;History;Original History;01/07/2018;4
MB18E8501;N.D;MCI;STE MCI;History;Original History;01/07/2018;2
ME10A2101;N.D;MCI;STE MCI;History;Original History;01/07/2018;20
MESH280D-GREY;N.D;MCI;STE MCI;History;Original History;01/07/2018;520
MF15C1-2500;N.D;MCI;STE MCI;History;Original History;01/07/2018;640
MF15C9-2500;N.D;MCI;STE MCI;History;Original History;01/07/2018;64
MF2035;N.D;MCI;STE MCI;History;Original History;01/07/2018;40
MF20C0051-1500;N.D;MCI;STE MCI;History;Original History;01/07/2018;8
MF20C37-250;N.D;MCI;STE MCI;History;Original History;01/07/2018;6
MF20C427-1500;N.D;MCI;STE MCI;History;Original History;01/07/2018;8
MF20C511-1500;N.D;MCI;STE MCI;History;Original History;01/07/2018;17
MF20C5340-1500;N.D;MCI;STE MCI;History;Original History;01/07/2018;8
MF20C666-1500;N.D;MCI;STE MCI;History;Original History;01/07/2018;8
MF30C00-1KG;N.D;MCI;STE MCI;History;Original History;01/07/2018;140
MF30C011-2500;N.D;MCI;STE MCI;History;Original History;01/07/2018;8
MF30C75-2500;N.D;MCI;STE MCI;History;Original History;01/07/2018;8
MF30C9-1KG;N.D;MCI;STE MCI;History;Original History;01/07/2018;144
MF40C00-3000;N.D;MCI;STE MCI;History;Original History;01/07/2018;16
MF40C011-3000;N.D;MCI;STE MCI;History;Original History;01/07/2018;16
MF40C06-3000;N.D;MCI;STE MCI;History;Original History;01/07/2018;8
MF40C16-3000;N.D;MCI;STE MCI;History;Original History;01/07/2018;16
MF40C21-3000;N.D;MCI;STE MCI;History;Original History;01/07/2018;16
MF40C37-3000;N.D;MCI;STE MCI;History;Original History;01/07/2018;8
MF40C4-3000;N.D;MCI;STE MCI;History;Original History;01/07/2018;8
MF40C5-3000;N.D;MCI;STE MCI;History;Original History;01/07/2018;8
MF40C511-3000;N.D;MCI;STE MCI;History;Original History;01/07/2018;16
MF40C512-3000;N.D;MCI;STE MCI;History;Original History;01/07/2018;8
MF40C59-3000;N.D;MCI;STE MCI;History;Original History;01/07/2018;16
MF40C834-3000;N.D;MCI;STE MCI;History;Original History;01/07/2018;48
MF40C9-3000;N.D;MCI;STE MCI;History;Original History;01/07/2018;16
MF60C00-5000;N.D;MCI;STE MCI;History;Original History;01/07/2018;8
MF60C0051-5000;N.D;MCI;STE MCI;History;Original History;01/07/2018;8
MF60C37-5000;N.D;MCI;STE MCI;History;Original History;01/07/2018;8
MF60C427-5000;N.D;MCI;STE MCI;History;Original History;01/07/2018;8
MF60C5-5000;N.D;MCI;STE MCI;History;Original History;01/07/2018;16
MF60C5340-5000;N.D;MCI;STE MCI;History;Original History;01/07/2018;8
MF60C59-5000;N.D;MCI;STE MCI;History;Original History;01/07/2018;8
MF60C6282-5000;N.D;MCI;STE MCI;History;Original History;01/07/2018;24
MF60C666-5000;N.D;MCI;STE MCI;History;Original History;01/07/2018;8
MF60C7-5000;N.D;MCI;STE MCI;History;Original History;01/07/2018;8
MF60C834-5000;N.D;MCI;STE MCI;History;Original History;01/07/2018;64
MF60C835-5000;N.D;MCI;STE MCI;History;Original History;01/07/2018;8
MICRO.SP0.5;N.D;MCI;STE MCI;History;Original History;01/07/2018;72.5
MO2MMD30AD;N.D;MCI;STE MCI;History;Original History;01/07/2018;300
MO5MMD30AD;N.D;MCI;STE MCI;History;Original History;01/07/2018;33
MS01A0121;N.D;MCI;STE MCI;History;Original History;01/07/2018;2
MS01A0329;N.D;MCI;STE MCI;History;Original History;01/07/2018;20
MT24202;N.D;MCI;STE MCI;History;Original History;01/07/2018;10
N655/2000;N.D;MCI;STE MCI;History;Original History;01/07/2018;1560
N658-T;N.D;MCI;STE MCI;History;Original History;01/07/2018;780
NL100-ROLL;N.D;MCI;STE MCI;History;Original History;01/07/2018;1
NL150-ROLL;N.D;MCI;STE MCI;History;Original History;01/07/2018;1
NP40G70BL/RE;N.D;MCI;STE MCI;History;Original History;01/07/2018;12000
NP40G90BL/RE;N.D;MCI;STE MCI;History;Original History;01/07/2018;12900
NP40G90NR/RE;N.D;MCI;STE MCI;History;Original History;01/07/2018;900
NP50G70BL/505AD;N.D;MCI;STE MCI;History;Original History;01/07/2018;1800
NP50G70NR/505AD;N.D;MCI;STE MCI;History;Original History;01/07/2018;150
NP50G90BL/505AD;N.D;MCI;STE MCI;History;Original History;01/07/2018;2100
NP50G90NR/505AD;N.D;MCI;STE MCI;History;Original History;01/07/2018;150
NYCOT6MMN;N.D;MCI;STE MCI;History;Original History;01/07/2018;200
NYL658-12MMB;N.D;MCI;STE MCI;History;Original History;01/07/2018;5
NYL658-12MMN;N.D;MCI;STE MCI;History;Original History;01/07/2018;8
O367225043;N.D;MCI;STE MCI;History;Original History;01/07/2018;1
OBS000070120;N.D;MCI;STE MCI;History;Original History;01/07/2018;90
OG0240010002;N.D;MCI;STE MCI;History;Original History;01/07/2018;2
P/BL/T100/1KG;N.D;MCI;STE MCI;History;Original History;01/07/2018;4.65
P1.2MM-R-C/300;N.D;MCI;STE MCI;History;Original History;01/07/2018;35
PB200;N.D;MCI;STE MCI;History;Original History;01/07/2018;10
PES40-3250-308;N.D;MCI;STE MCI;History;Original History;01/07/2018;16
PES40-3250-350;N.D;MCI;STE MCI;History;Original History;01/07/2018;32
PES40-3250N;N.D;MCI;STE MCI;History;Original History;01/07/2018;48
PES60-5000B;N.D;MCI;STE MCI;History;Original History;01/07/2018;29
PES60-5000N;N.D;MCI;STE MCI;History;Original History;01/07/2018;31
PF-101058-10;N.D;MCI;STE MCI;History;Original History;01/07/2018;1
PF-101084A;N.D;MCI;STE MCI;History;Original History;01/07/2018;1
PF-119803-1;N.D;MCI;STE MCI;History;Original History;01/07/2018;4
PF-137151;N.D;MCI;STE MCI;History;Original History;01/07/2018;15
PF-171049;N.D;MCI;STE MCI;History;Original History;01/07/2018;40
PFF0001;N.D;MCI;STE MCI;History;Original History;01/07/2018;12
PLQ-FER;N.D;MCI;STE MCI;History;Original History;01/07/2018;3390
PT110F36/1B;N.D;MCI;STE MCI;History;Original History;01/07/2018;53.35
PTF-0X19/2;N.D;MCI;STE MCI;History;Original History;01/07/2018;3000
PX-5203;N.D;MCI;STE MCI;History;Original History;01/07/2018;2
R07401;N.D;MCI;STE MCI;History;Original History;01/07/2018;10
REPARATION;N.D;MCI;STE MCI;History;Original History;01/07/2018;8
RT/F30B;N.D;MCI;STE MCI;History;Original History;01/07/2018;240
RT/F33F;N.D;MCI;STE MCI;History;Original History;01/07/2018;312
RUB50X1.5X1.5;N.D;MCI;STE MCI;History;Original History;01/07/2018;40
S-KMR-S-0.40MM;N.D;MCI;STE MCI;History;Original History;01/07/2018;1050
S-KMR-S-0.60MM;N.D;MCI;STE MCI;History;Original History;01/07/2018;450
S-KMR-S-0.80MM;N.D;MCI;STE MCI;History;Original History;01/07/2018;75
S02438001;N.D;MCI;STE MCI;History;Original History;01/07/2018;3
S080685017;N.D;MCI;STE MCI;History;Original History;01/07/2018;2
SA-1305;N.D;MCI;STE MCI;History;Original History;01/07/2018;20
SB60GR24X200B;N.D;MCI;STE MCI;History;Original History;01/07/2018;630
SB60GR30X200B;N.D;MCI;STE MCI;History;Original History;01/07/2018;315
SC11;N.D;MCI;STE MCI;History;Original History;01/07/2018;3
SC181;N.D;MCI;STE MCI;History;Original History;01/07/2018;10
SC39;N.D;MCI;STE MCI;History;Original History;01/07/2018;3
SH181;N.D;MCI;STE MCI;History;Original History;01/07/2018;10
SL-32/105;N.D;MCI;STE MCI;History;Original History;01/07/2018;20
SN05;N.D;MCI;STE MCI;History;Original History;01/07/2018;2
SN44;N.D;MCI;STE MCI;History;Original History;01/07/2018;2
SN46.380;N.D;MCI;STE MCI;History;Original History;01/07/2018;1
SQ01;N.D;MCI;STE MCI;History;Original History;01/07/2018;58
SQ29;N.D;MCI;STE MCI;History;Original History;01/07/2018;6
SR38;N.D;MCI;STE MCI;History;Original History;01/07/2018;2
SR42;N.D;MCI;STE MCI;History;Original History;01/07/2018;2
SR43;N.D;MCI;STE MCI;History;Original History;01/07/2018;2
SR45;N.D;MCI;STE MCI;History;Original History;01/07/2018;2
SRP-G;N.D;MCI;STE MCI;History;Original History;01/07/2018;500
SS8080310TP;N.D;MCI;STE MCI;History;Original History;01/07/2018;20
SS8080410TP;N.D;MCI;STE MCI;History;Original History;01/07/2018;30
ST16;N.D;MCI;STE MCI;History;Original History;01/07/2018;12
ST18;N.D;MCI;STE MCI;History;Original History;01/07/2018;6
SU16;N.D;MCI;STE MCI;History;Original History;01/07/2018;14
SU17;N.D;MCI;STE MCI;History;Original History;01/07/2018;19
SX110.C;N.D;MCI;STE MCI;History;Original History;01/07/2018;2
SX22;N.D;MCI;STE MCI;History;Original History;01/07/2018;85
SX25;N.D;MCI;STE MCI;History;Original History;01/07/2018;8
SX27;N.D;MCI;STE MCI;History;Original History;01/07/2018;2
SY01GG;N.D;MCI;STE MCI;History;Original History;01/07/2018;2
SY31;N.D;MCI;STE MCI;History;Original History;01/07/2018;2
T484-0.55-BLANC;N.D;MCI;STE MCI;History;Original History;01/07/2018;274.5
T484-0.55-MAR;N.D;MCI;STE MCI;History;Original History;01/07/2018;228
T484-0.55-SAHARA;N.D;MCI;STE MCI;History;Original History;01/07/2018;750
T696-1.00;N.D;MCI;STE MCI;History;Original History;01/07/2018;150
T696-1.75;N.D;MCI;STE MCI;History;Original History;01/07/2018;1012.5
T696-2.00;N.D;MCI;STE MCI;History;Original History;01/07/2018;10.5
T96-N;N.D;MCI;STE MCI;History;Original History;01/07/2018;60
T97-2.00-BEI;N.D;MCI;STE MCI;History;Original History;01/07/2018;157.5
TAGS-15MM;N.D;MCI;STE MCI;History;Original History;01/07/2018;1
TC800;N.D;MCI;STE MCI;History;Original History;01/07/2018;30
TC801-WK;N.D;MCI;STE MCI;History;Original History;01/07/2018;8
TNT100NAD;N.D;MCI;STE MCI;History;Original History;01/07/2018;225
TNT70GRX200;N.D;MCI;STE MCI;History;Original History;01/07/2018;400
TNT70GRX200B;N.D;MCI;STE MCI;History;Original History;01/07/2018;400
U100C1-10000;N.D;MCI;STE MCI;History;Original History;01/07/2018;50
U100C9-10000;N.D;MCI;STE MCI;History;Original History;01/07/2018;30
VGC250F800A00;N.D;MCI;STE MCI;History;Original History;01/07/2018;556
Z-27/880/100;N.D;MCI;STE MCI;History;Original History;01/07/2018;560
16964;N.D;MCI;STE MCI;History;Original History;01/06/2018;50
16965;N.D;MCI;STE MCI;History;Original History;01/06/2018;55
1001567;N.D;MCI;STE MCI;History;Original History;01/06/2018;1
1050000001;N.D;MCI;STE MCI;History;Original History;01/06/2018;40
2000312;N.D;MCI;STE MCI;History;Original History;01/06/2018;20
2100602110;N.D;MCI;STE MCI;History;Original History;01/06/2018;510
025CA;N.D;MCI;STE MCI;History;Original History;01/06/2018;4
109;N.D;MCI;STE MCI;History;Original History;01/06/2018;10
111003014201F;N.D;MCI;STE MCI;History;Original History;01/06/2018;200
1113222315000B;N.D;MCI;STE MCI;History;Original History;01/06/2018;24
1133096215000B;N.D;MCI;STE MCI;History;Original History;01/06/2018;50
115059013101F;N.D;MCI;STE MCI;History;Original History;01/06/2018;36
1,2116E+11;N.D;MCI;STE MCI;History;Original History;01/06/2018;55.77
134-35SAN12S/120GB;N.D;MCI;STE MCI;History;Original History;01/06/2018;2000
134-35SAN5/120GB;N.D;MCI;STE MCI;History;Original History;01/06/2018;500
134-35SAN5/130GB;N.D;MCI;STE MCI;History;Original History;01/06/2018;500
134LR/80GB;N.D;MCI;STE MCI;History;Original History;01/06/2018;200
134LR/90GB;N.D;MCI;STE MCI;History;Original History;01/06/2018;900
138153023001F;N.D;MCI;STE MCI;History;Original History;01/06/2018;300
1,46501E+12;N.D;MCI;STE MCI;History;Original History;01/06/2018;23
149515035501F;N.D;MCI;STE MCI;History;Original History;01/06/2018;12
181/R;N.D;MCI;STE MCI;History;Original History;01/06/2018;6
1C-250;N.D;MCI;STE MCI;History;Original History;01/06/2018;3750
1ET000001;N.D;MCI;STE MCI;History;Original History;01/06/2018;12
200-SR/75;N.D;MCI;STE MCI;History;Original History;01/06/2018;70
2000;N.D;MCI;STE MCI;History;Original History;01/06/2018;20
21;N.D;MCI;STE MCI;History;Original History;01/06/2018;30
21334800;N.D;MCI;STE MCI;History;Original History;01/06/2018;70
2350N2000;N.D;MCI;STE MCI;History;Original History;01/06/2018;48
2415;N.D;MCI;STE MCI;History;Original History;01/06/2018;1188
245-1660A;N.D;MCI;STE MCI;History;Original History;01/06/2018;700
2881-8X9X8MM;N.D;MCI;STE MCI;History;Original History;01/06/2018;200
295;N.D;MCI;STE MCI;History;Original History;01/06/2018;90
2SL/55/12C;N.D;MCI;STE MCI;History;Original History;01/06/2018;450
2SL/58/12;N.D;MCI;STE MCI;History;Original History;01/06/2018;600
2SL/65/12C;N.D;MCI;STE MCI;History;Original History;01/06/2018;650
3,0816E+11;N.D;MCI;STE MCI;History;Original History;01/06/2018;29.2
316.13AD;N.D;MCI;STE MCI;History;Original History;01/06/2018;99
3,30162E+11;N.D;MCI;STE MCI;History;Original History;01/06/2018;45
330H-W;N.D;MCI;STE MCI;History;Original History;01/06/2018;7
330H-W_EX;N.D;MCI;STE MCI;History;Original History;01/06/2018;23
340606;N.D;MCI;STE MCI;History;Original History;01/06/2018;86
38694;N.D;MCI;STE MCI;History;Original History;01/06/2018;50
38696;N.D;MCI;STE MCI;History;Original History;01/06/2018;20
4.0017.00;N.D;MCI;STE MCI;History;Original History;01/06/2018;1
4151;N.D;MCI;STE MCI;History;Original History;01/06/2018;10
43014;N.D;MCI;STE MCI;History;Original History;01/06/2018;36
43017;N.D;MCI;STE MCI;History;Original History;01/06/2018;55
43033;N.D;MCI;STE MCI;History;Original History;01/06/2018;8
48100AB2;N.D;MCI;STE MCI;History;Original History;01/06/2018;540
48100AT;N.D;MCI;STE MCI;History;Original History;01/06/2018;108
48100MLN;N.D;MCI;STE MCI;History;Original History;01/06/2018;288
48KST04536;N.D;MCI;STE MCI;History;Original History;01/06/2018;144
5.9850.00;N.D;MCI;STE MCI;History;Original History;01/06/2018;1
532-10734/1;N.D;MCI;STE MCI;History;Original History;01/06/2018;2
532-26E/2;N.D;MCI;STE MCI;History;Original History;01/06/2018;21
532-83;N.D;MCI;STE MCI;History;Original History;01/06/2018;4
5701030;N.D;MCI;STE MCI;History;Original History;01/06/2018;35
5ST000070BSO;N.D;MCI;STE MCI;History;Original History;01/06/2018;525
6.4967.00;N.D;MCI;STE MCI;History;Original History;01/06/2018;2
60.5;N.D;MCI;STE MCI;History;Original History;01/06/2018;3
60456/EXO;N.D;MCI;STE MCI;History;Original History;01/06/2018;4
628.25AS;N.D;MCI;STE MCI;History;Original History;01/06/2018;45
660473;N.D;MCI;STE MCI;History;Original History;01/06/2018;10
661023;N.D;MCI;STE MCI;History;Original History;01/06/2018;3
700021;N.D;MCI;STE MCI;History;Original History;01/06/2018;240
7117000214000B;N.D;MCI;STE MCI;History;Original History;01/06/2018;2
80.5;N.D;MCI;STE MCI;History;Original History;01/06/2018;1
8010318;N.D;MCI;STE MCI;History;Original History;01/06/2018;1
91-119283-01;N.D;MCI;STE MCI;History;Original History;01/06/2018;18
9101093705000B;N.D;MCI;STE MCI;History;Original History;01/06/2018;10
9105619225000B;N.D;MCI;STE MCI;History;Original History;01/06/2018;1
9111915905000B;N.D;MCI;STE MCI;History;Original History;01/06/2018;4
9111916091000B;N.D;MCI;STE MCI;History;Original History;01/06/2018;1
91119444044.3;N.D;MCI;STE MCI;History;Original History;01/06/2018;110
9,11195E+12;N.D;MCI;STE MCI;History;Original History;01/06/2018;1
9,11197E+12;N.D;MCI;STE MCI;History;Original History;01/06/2018;1
9111979511000B;N.D;MCI;STE MCI;History;Original History;01/06/2018;1
9111993412000B;N.D;MCI;STE MCI;History;Original History;01/06/2018;2
9115067125000B;N.D;MCI;STE MCI;History;Original History;01/06/2018;3
9116430393001B;N.D;MCI;STE MCI;History;Original History;01/06/2018;2
9116758605000B;N.D;MCI;STE MCI;History;Original History;01/06/2018;2
9117509905000B;N.D;MCI;STE MCI;History;Original History;01/06/2018;5
9126327171895B;N.D;MCI;STE MCI;History;Original History;01/06/2018;4
9913719205000B;N.D;MCI;STE MCI;History;Original History;01/06/2018;42
ADRI.ETRP;N.D;MCI;STE MCI;History;Original History;01/06/2018;300
ADRI.ETRR;N.D;MCI;STE MCI;History;Original History;01/06/2018;400
ADRI.ETRW;N.D;MCI;STE MCI;History;Original History;01/06/2018;2000
ADRI.PIN6F;N.D;MCI;STE MCI;History;Original History;01/06/2018;5
ADRI.PIN6P;N.D;MCI;STE MCI;History;Original History;01/06/2018;12
ADRI.POTCOLLE;N.D;MCI;STE MCI;History;Original History;01/06/2018;2
ADRI.POTCOLLE0.4;N.D;MCI;STE MCI;History;Original History;01/06/2018;2
ADRI.SILVER;N.D;MCI;STE MCI;History;Original History;01/06/2018;1000
AE-910/18;N.D;MCI;STE MCI;History;Original History;01/06/2018;5
APLICAFILM;N.D;MCI;STE MCI;History;Original History;01/06/2018;2
ART.511;N.D;MCI;STE MCI;History;Original History;01/06/2018;4
B/1111;N.D;MCI;STE MCI;History;Original History;01/06/2018;1
B/IR040;N.D;MCI;STE MCI;History;Original History;01/06/2018;1
B/IR050;N.D;MCI;STE MCI;History;Original History;01/06/2018;1
B40C1147-5000;N.D;MCI;STE MCI;History;Original History;01/06/2018;72
B40C1329-5000;N.D;MCI;STE MCI;History;Original History;01/06/2018;12
B40C2001-5000;N.D;MCI;STE MCI;History;Original History;01/06/2018;264
B40C2036-5000;N.D;MCI;STE MCI;History;Original History;01/06/2018;48
B40C2037-5000;N.D;MCI;STE MCI;History;Original History;01/06/2018;12
B40C2044-5000;N.D;MCI;STE MCI;History;Original History;01/06/2018;144
B40C2089-5000;N.D;MCI;STE MCI;History;Original History;01/06/2018;24
BC-DBZ1-NBL6;N.D;MCI;STE MCI;History;Original History;01/06/2018;10
BC-HR4-NBL6;N.D;MCI;STE MCI;History;Original History;01/06/2018;12
BD-19X2;N.D;MCI;STE MCI;History;Original History;01/06/2018;960
BE-19X2;N.D;MCI;STE MCI;History;Original History;01/06/2018;800
BIAD622-10MM;N.D;MCI;STE MCI;History;Original History;01/06/2018;50
BIAD622-300MM;N.D;MCI;STE MCI;History;Original History;01/06/2018;11
BIAD622-50MM;N.D;MCI;STE MCI;History;Original History;01/06/2018;10
BIAD622-6MM;N.D;MCI;STE MCI;History;Original History;01/06/2018;188
BIAD622-8MM;N.D;MCI;STE MCI;History;Original History;01/06/2018;80
BIFIRM0.80;N.D;MCI;STE MCI;History;Original History;01/06/2018;36.25
BIPLAST05/100V;N.D;MCI;STE MCI;History;Original History;01/06/2018;152.6
CAR-CRES-15MM;N.D;MCI;STE MCI;History;Original History;01/06/2018;52
CF1000;N.D;MCI;STE MCI;History;Original History;01/06/2018;1
CNW50G90X300B;N.D;MCI;STE MCI;History;Original History;01/06/2018;1500
CNW50G90X300N;N.D;MCI;STE MCI;History;Original History;01/06/2018;300
CP-PF151;N.D;MCI;STE MCI;History;Original History;01/06/2018;4
CP-PF490TR;N.D;MCI;STE MCI;History;Original History;01/06/2018;1
CP-PF591;N.D;MCI;STE MCI;History;Original History;01/06/2018;3
CRAYON-150;N.D;MCI;STE MCI;History;Original History;01/06/2018;108
CREPE;N.D;MCI;STE MCI;History;Original History;01/06/2018;1
DA0069005814;N.D;MCI;STE MCI;History;Original History;01/06/2018;1
DA0265000790;N.D;MCI;STE MCI;History;Original History;01/06/2018;5
DA0467220723;N.D;MCI;STE MCI;History;Original History;01/06/2018;30
DA0888200050;N.D;MCI;STE MCI;History;Original History;01/06/2018;2
DA0888201060;N.D;MCI;STE MCI;History;Original History;01/06/2018;1
DA0888350010;N.D;MCI;STE MCI;History;Original History;01/06/2018;1
DA0888350020;N.D;MCI;STE MCI;History;Original History;01/06/2018;1
DA0888350070;N.D;MCI;STE MCI;History;Original History;01/06/2018;1
DB-K5/60SES;N.D;MCI;STE MCI;History;Original History;01/06/2018;100
DESMODUR-RC;N.D;MCI;STE MCI;History;Original History;01/06/2018;1
DS-66M-220V;N.D;MCI;STE MCI;History;Original History;01/06/2018;36
DSH-PF490-A;N.D;MCI;STE MCI;History;Original History;01/06/2018;4
DSH-PF490TR;N.D;MCI;STE MCI;History;Original History;01/06/2018;9
DSH-PF591;N.D;MCI;STE MCI;History;Original History;01/06/2018;3
E-5135;N.D;MCI;STE MCI;History;Original History;01/06/2018;17
E-5165;N.D;MCI;STE MCI;History;Original History;01/06/2018;1
EVA.F3MMB;N.D;MCI;STE MCI;History;Original History;01/06/2018;20
EVA.F3MMN;N.D;MCI;STE MCI;History;Original History;01/06/2018;260
F532-10650/2;N.D;MCI;STE MCI;History;Original History;01/06/2018;6
G400-35X350X15;N.D;MCI;STE MCI;History;Original History;01/06/2018;5
GP020-100CM;N.D;MCI;STE MCI;History;Original History;01/06/2018;162.5
GP020-5CM;N.D;MCI;STE MCI;History;Original History;01/06/2018;4
GP020-7.5CM;N.D;MCI;STE MCI;History;Original History;01/06/2018;4
GP2-71;N.D;MCI;STE MCI;History;Original History;01/06/2018;30
H900X450X50B;N.D;MCI;STE MCI;History;Original History;01/06/2018;9
H900X450X50NL;N.D;MCI;STE MCI;History;Original History;01/06/2018;2
H900X450X50SB;N.D;MCI;STE MCI;History;Original History;01/06/2018;26
H900X450X50SV;N.D;MCI;STE MCI;History;Original History;01/06/2018;7
HPF490A5TR+BC;N.D;MCI;STE MCI;History;Original History;01/06/2018;3
IA15C20G;N.D;MCI;STE MCI;History;Original History;01/06/2018;2
JM056;N.D;MCI;STE MCI;History;Original History;01/06/2018;3
L-300;N.D;MCI;STE MCI;History;Original History;01/06/2018;270
L37/58/30108;N.D;MCI;STE MCI;History;Original History;01/06/2018;275
L37/65/30108;N.D;MCI;STE MCI;History;Original History;01/06/2018;250
LA2065X40X0.4;N.D;MCI;STE MCI;History;Original History;01/06/2018;2
LA2790X50X0.6;N.D;MCI;STE MCI;History;Original History;01/06/2018;11
LA3690X50X0.8;N.D;MCI;STE MCI;History;Original History;01/06/2018;3
LP2971LH-NP-AUT;N.D;MCI;STE MCI;History;Original History;01/06/2018;1
LP8971-I-AUT;N.D;MCI;STE MCI;History;Original History;01/06/2018;1
LPP-3;N.D;MCI;STE MCI;History;Original History;01/06/2018;25
LPP-5;N.D;MCI;STE MCI;History;Original History;01/06/2018;300
LPP-9;N.D;MCI;STE MCI;History;Original History;01/06/2018;210
LUSTAFILTM4100;N.D;MCI;STE MCI;History;Original History;01/06/2018;2
LUSTAFILTM4129;N.D;MCI;STE MCI;History;Original History;01/06/2018;3
LUSTAFILTM4138;N.D;MCI;STE MCI;History;Original History;01/06/2018;3.3
LUSTAFILTM4182;N.D;MCI;STE MCI;History;Original History;01/06/2018;2
MA112112;N.D;MCI;STE MCI;History;Original History;01/06/2018;4
MA112176;N.D;MCI;STE MCI;History;Original History;01/06/2018;1
MA112709;N.D;MCI;STE MCI;History;Original History;01/06/2018;1
MA119574;N.D;MCI;STE MCI;History;Original History;01/06/2018;2
MA401548;N.D;MCI;STE MCI;History;Original History;01/06/2018;2
ME10A2101;N.D;MCI;STE MCI;History;Original History;01/06/2018;10
MF100027;N.D;MCI;STE MCI;History;Original History;01/06/2018;4
MF100068;N.D;MCI;STE MCI;History;Original History;01/06/2018;1
MF2035;N.D;MCI;STE MCI;History;Original History;01/06/2018;21
MF2036;N.D;MCI;STE MCI;History;Original History;01/06/2018;4
MF300686;N.D;MCI;STE MCI;History;Original History;01/06/2018;3
MF300954;N.D;MCI;STE MCI;History;Original History;01/06/2018;4
MF30C174-2500;N.D;MCI;STE MCI;History;Original History;01/06/2018;8
MF30C177-2500;N.D;MCI;STE MCI;History;Original History;01/06/2018;23
MF30C5-2500;N.D;MCI;STE MCI;History;Original History;01/06/2018;23
MF30C509-2500;N.D;MCI;STE MCI;History;Original History;01/06/2018;8
MF30C9-1KG;N.D;MCI;STE MCI;History;Original History;01/06/2018;6
MF40C00-3000;N.D;MCI;STE MCI;History;Original History;01/06/2018;24
MF40C09-3000;N.D;MCI;STE MCI;History;Original History;01/06/2018;16
MF40C16-3000;N.D;MCI;STE MCI;History;Original History;01/06/2018;8
MF40C177-3000;N.D;MCI;STE MCI;History;Original History;01/06/2018;24
MF40C3-3000;N.D;MCI;STE MCI;History;Original History;01/06/2018;40
MF40C390-3000;N.D;MCI;STE MCI;History;Original History;01/06/2018;8
MF40C5-3000;N.D;MCI;STE MCI;History;Original History;01/06/2018;8
MF40C509-3000;N.D;MCI;STE MCI;History;Original History;01/06/2018;8
MF40C511-3000;N.D;MCI;STE MCI;History;Original History;01/06/2018;16
MF40C5340-10M;N.D;MCI;STE MCI;History;Original History;01/06/2018;120
MF40C5500-3000;N.D;MCI;STE MCI;History;Original History;01/06/2018;28
MF40C59-3000;N.D;MCI;STE MCI;History;Original History;01/06/2018;112
MF40C6413-3000;N.D;MCI;STE MCI;History;Original History;01/06/2018;8
MF40C6418-3000;N.D;MCI;STE MCI;History;Original History;01/06/2018;8
MF40C75-3000;N.D;MCI;STE MCI;History;Original History;01/06/2018;16
MF40C834-3000;N.D;MCI;STE MCI;History;Original History;01/06/2018;15
MF40C9-3000;N.D;MCI;STE MCI;History;Original History;01/06/2018;168
MF60C00-5000;N.D;MCI;STE MCI;History;Original History;01/06/2018;8
MF60C0036-5000;N.D;MCI;STE MCI;History;Original History;01/06/2018;8
MF60C012-5000;N.D;MCI;STE MCI;History;Original History;01/06/2018;8
MF60C5-5000;N.D;MCI;STE MCI;History;Original History;01/06/2018;24
MF60C6413-5000;N.D;MCI;STE MCI;History;Original History;01/06/2018;16
MF60C6415-5000;N.D;MCI;STE MCI;History;Original History;01/06/2018;24
MF60C811-5000;N.D;MCI;STE MCI;History;Original History;01/06/2018;8
MF60C834-5000;N.D;MCI;STE MCI;History;Original History;01/06/2018;80
MF60C835-5000;N.D;MCI;STE MCI;History;Original History;01/06/2018;24
MF60C9-5000;N.D;MCI;STE MCI;History;Original History;01/06/2018;8
MF801062;N.D;MCI;STE MCI;History;Original History;01/06/2018;4
MF80C5340-25M;N.D;MCI;STE MCI;History;Original History;01/06/2018;48
MICRO.SP0.5;N.D;MCI;STE MCI;History;Original History;01/06/2018;217.5
MO1MMD67AD;N.D;MCI;STE MCI;History;Original History;01/06/2018;75
MO2-6100033;N.D;MCI;STE MCI;History;Original History;01/06/2018;2
MO2MMD30AD;N.D;MCI;STE MCI;History;Original History;01/06/2018;112.5
MO3MMD30AD;N.D;MCI;STE MCI;History;Original History;01/06/2018;75
MS01A0329;N.D;MCI;STE MCI;History;Original History;01/06/2018;20
MS01A0611;N.D;MCI;STE MCI;History;Original History;01/06/2018;5
MT24202;N.D;MCI;STE MCI;History;Original History;01/06/2018;100
N655/2000;N.D;MCI;STE MCI;History;Original History;01/06/2018;2460
N658-T;N.D;MCI;STE MCI;History;Original History;01/06/2018;1020
N800040367;N.D;MCI;STE MCI;History;Original History;01/06/2018;5
N800075006;N.D;MCI;STE MCI;History;Original History;01/06/2018;20
NL100-ROLL;N.D;MCI;STE MCI;History;Original History;01/06/2018;1
NL150-ROLL;N.D;MCI;STE MCI;History;Original History;01/06/2018;1
NP40G70BL/RE;N.D;MCI;STE MCI;History;Original History;01/06/2018;3000
NP40G90BL/RE;N.D;MCI;STE MCI;History;Original History;01/06/2018;12600
NP50G70BL/505AD;N.D;MCI;STE MCI;History;Original History;01/06/2018;600
NP50G90BL/505AD;N.D;MCI;STE MCI;History;Original History;01/06/2018;750
NYL658-12MMB;N.D;MCI;STE MCI;History;Original History;01/06/2018;1
NYL658-12MMN;N.D;MCI;STE MCI;History;Original History;01/06/2018;1
O367225043;N.D;MCI;STE MCI;History;Original History;01/06/2018;10
O367225053;N.D;MCI;STE MCI;History;Original History;01/06/2018;25
O467220013;N.D;MCI;STE MCI;History;Original History;01/06/2018;10
O467220043;N.D;MCI;STE MCI;History;Original History;01/06/2018;25
OBS000070120;N.D;MCI;STE MCI;History;Original History;01/06/2018;90
OL-ASB-10;N.D;MCI;STE MCI;History;Original History;01/06/2018;1000
P1.2MM-R-C/300;N.D;MCI;STE MCI;History;Original History;01/06/2018;1
P463;N.D;MCI;STE MCI;History;Original History;01/06/2018;525
PATTEX5GR;N.D;MCI;STE MCI;History;Original History;01/06/2018;25
PB200;N.D;MCI;STE MCI;History;Original History;01/06/2018;10
PES40-3250-308;N.D;MCI;STE MCI;History;Original History;01/06/2018;17
PES40-3250N;N.D;MCI;STE MCI;History;Original History;01/06/2018;48
PES60-5000-326;N.D;MCI;STE MCI;History;Original History;01/06/2018;16
PFF0001;N.D;MCI;STE MCI;History;Original History;01/06/2018;30
PT110F36/1OW;N.D;MCI;STE MCI;History;Original History;01/06/2018;203.36
PT110F36/1RW;N.D;MCI;STE MCI;History;Original History;01/06/2018;203.43
PT50F36/1OW;N.D;MCI;STE MCI;History;Original History;01/06/2018;104.84
PT78F36/1OW;N.D;MCI;STE MCI;History;Original History;01/06/2018;104.27
PT78F36/1RW;N.D;MCI;STE MCI;History;Original History;01/06/2018;207.02
PX-5203;N.D;MCI;STE MCI;History;Original History;01/06/2018;1
R-ARDMEL;N.D;MCI;STE MCI;History;Original History;01/06/2018;3
R07401;N.D;MCI;STE MCI;History;Original History;01/06/2018;5
R110X74MM;N.D;MCI;STE MCI;History;Original History;01/06/2018;15
REMISE;N.D;MCI;STE MCI;History;Original History;01/06/2018;1
REPARATION;N.D;MCI;STE MCI;History;Original History;01/06/2018;12
RMOLA2;N.D;MCI;STE MCI;History;Original History;01/06/2018;3
RT/F30B;N.D;MCI;STE MCI;History;Original History;01/06/2018;72
RT/F62N;N.D;MCI;STE MCI;History;Original History;01/06/2018;25
RUB50X1.5X1.5;N.D;MCI;STE MCI;History;Original History;01/06/2018;20
S-KMR-N-0.60MM;N.D;MCI;STE MCI;History;Original History;01/06/2018;75
S-KMR-S-0.40MM;N.D;MCI;STE MCI;History;Original History;01/06/2018;750
S-KMR-S-0.60MM;N.D;MCI;STE MCI;History;Original History;01/06/2018;300
S-KMR-S-0.80MM;N.D;MCI;STE MCI;History;Original History;01/06/2018;150
S505;N.D;MCI;STE MCI;History;Original History;01/06/2018;20
SB-145;N.D;MCI;STE MCI;History;Original History;01/06/2018;10
SB60GR24X200B;N.D;MCI;STE MCI;History;Original History;01/06/2018;450
SB60GR30X200B;N.D;MCI;STE MCI;History;Original History;01/06/2018;225
SC181;N.D;MCI;STE MCI;History;Original History;01/06/2018;10
SH181;N.D;MCI;STE MCI;History;Original History;01/06/2018;10
SOL_HAL;N.D;MCI;STE MCI;History;Original History;01/06/2018;50
SP600-ROLL;N.D;MCI;STE MCI;History;Original History;01/06/2018;1
SP699-ROLL;N.D;MCI;STE MCI;History;Original History;01/06/2018;2
SQ01;N.D;MCI;STE MCI;History;Original History;01/06/2018;33
SQ29;N.D;MCI;STE MCI;History;Original History;01/06/2018;2
SR02;N.D;MCI;STE MCI;History;Original History;01/06/2018;3
SR38;N.D;MCI;STE MCI;History;Original History;01/06/2018;2
SRP-G;N.D;MCI;STE MCI;History;Original History;01/06/2018;900
ST16;N.D;MCI;STE MCI;History;Original History;01/06/2018;21
STR187.0004;N.D;MCI;STE MCI;History;Original History;01/06/2018;2
SU14;N.D;MCI;STE MCI;History;Original History;01/06/2018;1
SU16;N.D;MCI;STE MCI;History;Original History;01/06/2018;21
SU17;N.D;MCI;STE MCI;History;Original History;01/06/2018;10
SX110.C;N.D;MCI;STE MCI;History;Original History;01/06/2018;2
SX22;N.D;MCI;STE MCI;History;Original History;01/06/2018;45
SX25;N.D;MCI;STE MCI;History;Original History;01/06/2018;4
SY01;N.D;MCI;STE MCI;History;Original History;01/06/2018;6
SY31;N.D;MCI;STE MCI;History;Original History;01/06/2018;9
SZ22;N.D;MCI;STE MCI;History;Original History;01/06/2018;2
T437-1.50;N.D;MCI;STE MCI;History;Original History;01/06/2018;100.5
T480-2.00;N.D;MCI;STE MCI;History;Original History;01/06/2018;201
T484-0.55-BLANC;N.D;MCI;STE MCI;History;Original History;01/06/2018;201
T484-0.55-NOI;N.D;MCI;STE MCI;History;Original History;01/06/2018;45
T484-0.55-SAHARA;N.D;MCI;STE MCI;History;Original History;01/06/2018;546
T484-0.55-STONE;N.D;MCI;STE MCI;History;Original History;01/06/2018;45
T696-1.75;N.D;MCI;STE MCI;History;Original History;01/06/2018;60
T696-2.00;N.D;MCI;STE MCI;History;Original History;01/06/2018;100.5
TAGS-15MM;N.D;MCI;STE MCI;History;Original History;01/06/2018;1
TC800;N.D;MCI;STE MCI;History;Original History;01/06/2018;15
TC801-WK;N.D;MCI;STE MCI;History;Original History;01/06/2018;2
TF50M;N.D;MCI;STE MCI;History;Original History;01/06/2018;150
TNT100BAD;N.D;MCI;STE MCI;History;Original History;01/06/2018;150
TNT100NAD;N.D;MCI;STE MCI;History;Original History;01/06/2018;225
TNT70GRX200;N.D;MCI;STE MCI;History;Original History;01/06/2018;200
WAX;N.D;MCI;STE MCI;History;Original History;01/06/2018;25
WL26+24G70X200N;N.D;MCI;STE MCI;History;Original History;01/06/2018;200
YH-11S;N.D;MCI;STE MCI;History;Original History;01/06/2018;1
YH-202;N.D;MCI;STE MCI;History;Original History;01/06/2018;10
Z-27/880/100;N.D;MCI;STE MCI;History;Original History;01/06/2018;1600
Z-880-205;N.D;MCI;STE MCI;History;Original History;01/06/2018;100
ZS-51_1.4RD_K120;N.D;MCI;STE MCI;History;Original History;01/06/2018;4
1050000001;N.D;MCI;STE MCI;History;Original History;01/05/2018;35
025CA;N.D;MCI;STE MCI;History;Original History;01/05/2018;2
0339-1269-5913A;N.D;MCI;STE MCI;History;Original History;01/05/2018;5
04434-00020-00;N.D;MCI;STE MCI;History;Original History;01/05/2018;4
110-0/311;N.D;MCI;STE MCI;History;Original History;01/05/2018;300
110-0/312;N.D;MCI;STE MCI;History;Original History;01/05/2018;300
110-0/NOIR;N.D;MCI;STE MCI;History;Original History;01/05/2018;300
111/161110053;N.D;MCI;STE MCI;History;Original History;01/05/2018;1
111/161110055;N.D;MCI;STE MCI;History;Original History;01/05/2018;1
1110817415000B;N.D;MCI;STE MCI;History;Original History;01/05/2018;35
1110817425000B;N.D;MCI;STE MCI;History;Original History;01/05/2018;15
1113222315000B;N.D;MCI;STE MCI;History;Original History;01/05/2018;26
1,121E+12;N.D;MCI;STE MCI;History;Original History;01/05/2018;10
115059013101F;N.D;MCI;STE MCI;History;Original History;01/05/2018;84
1305208855000B;N.D;MCI;STE MCI;History;Original History;01/05/2018;10
134-35LR/110GB;N.D;MCI;STE MCI;History;Original History;01/05/2018;100
134-35LR/120GB;N.D;MCI;STE MCI;History;Original History;01/05/2018;100
134-35LR/130GB;N.D;MCI;STE MCI;History;Original History;01/05/2018;100
134-35S/100GB;N.D;MCI;STE MCI;History;Original History;01/05/2018;500
134-35S/90GB;N.D;MCI;STE MCI;History;Original History;01/05/2018;500
134-KKS/65;N.D;MCI;STE MCI;History;Original History;01/05/2018;100
134-KKS/70;N.D;MCI;STE MCI;History;Original History;01/05/2018;100
134-KKS/80;N.D;MCI;STE MCI;History;Original History;01/05/2018;100
134LR/100GB;N.D;MCI;STE MCI;History;Original History;01/05/2018;200
134LR/90GB;N.D;MCI;STE MCI;History;Original History;01/05/2018;300
134S/90GB;N.D;MCI;STE MCI;History;Original History;01/05/2018;500
149515035501F;N.D;MCI;STE MCI;History;Original History;01/05/2018;42
149521035501F;N.D;MCI;STE MCI;History;Original History;01/05/2018;1
156;N.D;MCI;STE MCI;History;Original History;01/05/2018;5
1606R214R;N.D;MCI;STE MCI;History;Original History;01/05/2018;76.2
181/R;N.D;MCI;STE MCI;History;Original History;01/05/2018;4
19KST04596;N.D;MCI;STE MCI;History;Original History;01/05/2018;50
1ET000001;N.D;MCI;STE MCI;History;Original History;01/05/2018;8
200-SR/75;N.D;MCI;STE MCI;History;Original History;01/05/2018;120
2000;N.D;MCI;STE MCI;History;Original History;01/05/2018;60
21;N.D;MCI;STE MCI;History;Original History;01/05/2018;30
2350N2000;N.D;MCI;STE MCI;History;Original History;01/05/2018;36
2410-M/NOIR;N.D;MCI;STE MCI;History;Original History;01/05/2018;500
2415;N.D;MCI;STE MCI;History;Original History;01/05/2018;1440
2881-8X9X8MM;N.D;MCI;STE MCI;History;Original History;01/05/2018;100
295;N.D;MCI;STE MCI;History;Original History;01/05/2018;110
300PCA;N.D;MCI;STE MCI;History;Original History;01/05/2018;1
3067;N.D;MCI;STE MCI;History;Original History;01/05/2018;2
3,0816E+11;N.D;MCI;STE MCI;History;Original History;01/05/2018;21.9
316.13;N.D;MCI;STE MCI;History;Original History;01/05/2018;30.6
316.13AD;N.D;MCI;STE MCI;History;Original History;01/05/2018;56
321-M/312;N.D;MCI;STE MCI;History;Original History;01/05/2018;300
321-M/NOIR;N.D;MCI;STE MCI;History;Original History;01/05/2018;300
330-D/321/85;N.D;MCI;STE MCI;History;Original History;01/05/2018;400
330-D/343/85;N.D;MCI;STE MCI;History;Original History;01/05/2018;400
330-D/BLANC/85;N.D;MCI;STE MCI;History;Original History;01/05/2018;400
330-D/NOIR/85;N.D;MCI;STE MCI;History;Original History;01/05/2018;400
3,30162E+11;N.D;MCI;STE MCI;History;Original History;01/05/2018;37.5
330H-W;N.D;MCI;STE MCI;History;Original History;01/05/2018;41
340606;N.D;MCI;STE MCI;History;Original History;01/05/2018;12
40130034;N.D;MCI;STE MCI;History;Original History;01/05/2018;3
43014;N.D;MCI;STE MCI;History;Original History;01/05/2018;12
43017;N.D;MCI;STE MCI;History;Original History;01/05/2018;186
48100AM;N.D;MCI;STE MCI;History;Original History;01/05/2018;72
48100AM1;N.D;MCI;STE MCI;History;Original History;01/05/2018;360
48100AT;N.D;MCI;STE MCI;History;Original History;01/05/2018;144
48100MLN;N.D;MCI;STE MCI;History;Original History;01/05/2018;396
48KST04536;N.D;MCI;STE MCI;History;Original History;01/05/2018;252
05-mars;N.D;MCI;STE MCI;History;Original History;01/05/2018;2
532-10750/10;N.D;MCI;STE MCI;History;Original History;01/05/2018;1
532-20316;N.D;MCI;STE MCI;History;Original History;01/05/2018;5
532-2073-3/1;N.D;MCI;STE MCI;History;Original History;01/05/2018;10
532-26E/2;N.D;MCI;STE MCI;History;Original History;01/05/2018;30
5ST000070BSO;N.D;MCI;STE MCI;History;Original History;01/05/2018;388.5
60456/EXO;N.D;MCI;STE MCI;History;Original History;01/05/2018;3
628.25AS;N.D;MCI;STE MCI;History;Original History;01/05/2018;5.25
699-28;N.D;MCI;STE MCI;History;Original History;01/05/2018;1
700021;N.D;MCI;STE MCI;History;Original History;01/05/2018;10
804-43;N.D;MCI;STE MCI;History;Original History;01/05/2018;1
91-119283-01;N.D;MCI;STE MCI;History;Original History;01/05/2018;40
9,10004E+12;N.D;MCI;STE MCI;History;Original History;01/05/2018;10
9,10005E+12;N.D;MCI;STE MCI;History;Original History;01/05/2018;10
9103280875699B;N.D;MCI;STE MCI;History;Original History;01/05/2018;20
9105619225000B;N.D;MCI;STE MCI;History;Original History;01/05/2018;1
9,10583E+12;N.D;MCI;STE MCI;History;Original History;01/05/2018;2
9,11181E+12;N.D;MCI;STE MCI;History;Original History;01/05/2018;2
91119202044.3;N.D;MCI;STE MCI;History;Original History;01/05/2018;100
9111925305000B;N.D;MCI;STE MCI;History;Original History;01/05/2018;2
9111938105000B;N.D;MCI;STE MCI;History;Original History;01/05/2018;5
91119444044.3;N.D;MCI;STE MCI;History;Original History;01/05/2018;510
9,11503E+12;N.D;MCI;STE MCI;History;Original History;01/05/2018;2
9,11503E+12;N.D;MCI;STE MCI;History;Original History;01/05/2018;4
9,11503E+12;N.D;MCI;STE MCI;History;Original History;01/05/2018;2
9115067125000B;N.D;MCI;STE MCI;History;Original History;01/05/2018;1
9115073924003B;N.D;MCI;STE MCI;History;Original History;01/05/2018;10
9116439992000B;N.D;MCI;STE MCI;History;Original History;01/05/2018;6
9,11682E+12;N.D;MCI;STE MCI;History;Original History;01/05/2018;2
9117632805000B;N.D;MCI;STE MCI;History;Original History;01/05/2018;4
9117633225000B;N.D;MCI;STE MCI;History;Original History;01/05/2018;2
9,12624E+12;N.D;MCI;STE MCI;History;Original History;01/05/2018;5
9126338401000B;N.D;MCI;STE MCI;History;Original History;01/05/2018;6
9126338605000B;N.D;MCI;STE MCI;History;Original History;01/05/2018;5
9126393491000B;N.D;MCI;STE MCI;History;Original History;01/05/2018;2
9126424005000B;N.D;MCI;STE MCI;History;Original History;01/05/2018;3
9126522591000B;N.D;MCI;STE MCI;History;Original History;01/05/2018;20
9150128805000B;N.D;MCI;STE MCI;History;Original History;01/05/2018;100
9577446691000B;N.D;MCI;STE MCI;History;Original History;01/05/2018;5
9913719205000B;N.D;MCI;STE MCI;History;Original History;01/05/2018;8
ADRI.ETRP;N.D;MCI;STE MCI;History;Original History;01/05/2018;700
ADRI.ETRR;N.D;MCI;STE MCI;History;Original History;01/05/2018;500
ADRI.ETRW;N.D;MCI;STE MCI;History;Original History;01/05/2018;900
ADRI.PIN10P;N.D;MCI;STE MCI;History;Original History;01/05/2018;24
ADRI.PIN6F;N.D;MCI;STE MCI;History;Original History;01/05/2018;48
ADRI.PIN6P;N.D;MCI;STE MCI;History;Original History;01/05/2018;24
ADRI.PIN8P;N.D;MCI;STE MCI;History;Original History;01/05/2018;12
ADRI.POTCOLLE;N.D;MCI;STE MCI;History;Original History;01/05/2018;13
ADRI.POTCOLLE0.4;N.D;MCI;STE MCI;History;Original History;01/05/2018;5
ADRI.SILVER;N.D;MCI;STE MCI;History;Original History;01/05/2018;3400
ADRI.SILVER+ETUI;N.D;MCI;STE MCI;History;Original History;01/05/2018;100
AE-910/01;N.D;MCI;STE MCI;History;Original History;01/05/2018;5
AE-910/18;N.D;MCI;STE MCI;History;Original History;01/05/2018;5
ART.511;N.D;MCI;STE MCI;History;Original History;01/05/2018;34
AT18C22MM;N.D;MCI;STE MCI;History;Original History;01/05/2018;2
B0-B872/A-M;N.D;MCI;STE MCI;History;Original History;01/05/2018;6
B40C1147-5000;N.D;MCI;STE MCI;History;Original History;01/05/2018;288
B40C2001-5000;N.D;MCI;STE MCI;History;Original History;01/05/2018;252
B40C2017-5000;N.D;MCI;STE MCI;History;Original History;01/05/2018;6
B40C2044-5000;N.D;MCI;STE MCI;History;Original History;01/05/2018;60
B40C2064-5000;N.D;MCI;STE MCI;History;Original History;01/05/2018;6
B40C2070-5000;N.D;MCI;STE MCI;History;Original History;01/05/2018;12
B40C2091-5000;N.D;MCI;STE MCI;History;Original History;01/05/2018;36
B40C876-5000;N.D;MCI;STE MCI;History;Original History;01/05/2018;3
BD-19X2;N.D;MCI;STE MCI;History;Original History;01/05/2018;1600
BE-19X2;N.D;MCI;STE MCI;History;Original History;01/05/2018;1200
BIAD622-10MM;N.D;MCI;STE MCI;History;Original History;01/05/2018;70
BIAD622-50MM;N.D;MCI;STE MCI;History;Original History;01/05/2018;90
BIAD622-750MM;N.D;MCI;STE MCI;History;Original History;01/05/2018;6
BIAD622-8MM;N.D;MCI;STE MCI;History;Original History;01/05/2018;100
BS200-ROLL;N.D;MCI;STE MCI;History;Original History;01/05/2018;0.5
BTOST2-106158;N.D;MCI;STE MCI;History;Original History;01/05/2018;30
CNW50G70X300N;N.D;MCI;STE MCI;History;Original History;01/05/2018;900
CNW50G90X300B;N.D;MCI;STE MCI;History;Original History;01/05/2018;5100
CNW50G90X300N;N.D;MCI;STE MCI;History;Original History;01/05/2018;5400
COL-GP3-4-71;N.D;MCI;STE MCI;History;Original History;01/05/2018;6
CP-PF151;N.D;MCI;STE MCI;History;Original History;01/05/2018;4
CP-PF490TR;N.D;MCI;STE MCI;History;Original History;01/05/2018;2
CP-PF591;N.D;MCI;STE MCI;History;Original History;01/05/2018;4
CR01301;N.D;MCI;STE MCI;History;Original History;01/05/2018;2
DA0367170090;N.D;MCI;STE MCI;History;Original History;01/05/2018;10
DA0467220723;N.D;MCI;STE MCI;History;Original History;01/05/2018;5
DA0998861590;N.D;MCI;STE MCI;History;Original History;01/05/2018;5
DA0999201573;N.D;MCI;STE MCI;History;Original History;01/05/2018;1
DA9850367001;N.D;MCI;STE MCI;History;Original History;01/05/2018;2
DSH-PF490-A;N.D;MCI;STE MCI;History;Original History;01/05/2018;2
DSH-PF490TR;N.D;MCI;STE MCI;History;Original History;01/05/2018;10
E-5165;N.D;MCI;STE MCI;History;Original History;01/05/2018;84
EK21;N.D;MCI;STE MCI;History;Original History;01/05/2018;10
EK30;N.D;MCI;STE MCI;History;Original History;01/05/2018;10
F655-236;N.D;MCI;STE MCI;History;Original History;01/05/2018;4
FR120-5000;N.D;MCI;STE MCI;History;Original History;01/05/2018;9
FR120-5000YDS;N.D;MCI;STE MCI;History;Original History;01/05/2018;20
FTP2000-75MM;N.D;MCI;STE MCI;History;Original History;01/05/2018;100
FYT-200T/424;N.D;MCI;STE MCI;History;Original History;01/05/2018;1
FYT-200T/431;N.D;MCI;STE MCI;History;Original History;01/05/2018;1
FYT-200T/436;N.D;MCI;STE MCI;History;Original History;01/05/2018;1
FYT-200T/499;N.D;MCI;STE MCI;History;Original History;01/05/2018;64.7
G16;N.D;MCI;STE MCI;History;Original History;01/05/2018;12
G726;N.D;MCI;STE MCI;History;Original History;01/05/2018;72
GP2-71;N.D;MCI;STE MCI;History;Original History;01/05/2018;6
GR367-RESSORT;N.D;MCI;STE MCI;History;Original History;01/05/2018;50
H1800X500X50B;N.D;MCI;STE MCI;History;Original History;01/05/2018;1
H1800X500X50NL;N.D;MCI;STE MCI;History;Original History;01/05/2018;4
H2000X500X50B;N.D;MCI;STE MCI;History;Original History;01/05/2018;2
H900X450X50B;N.D;MCI;STE MCI;History;Original History;01/05/2018;6
H900X450X50SR;N.D;MCI;STE MCI;History;Original History;01/05/2018;3
H900X450X50SV;N.D;MCI;STE MCI;History;Original History;01/05/2018;12
HNW40G100X300;N.D;MCI;STE MCI;History;Original History;01/05/2018;2400
I-8042M;N.D;MCI;STE MCI;History;Original History;01/05/2018;1
IA15C20G;N.D;MCI;STE MCI;History;Original History;01/05/2018;1
IE-DC5V;N.D;MCI;STE MCI;History;Original History;01/05/2018;1
IE94-05P;N.D;MCI;STE MCI;History;Original History;01/05/2018;1
K1.0C101-500;N.D;MCI;STE MCI;History;Original History;01/05/2018;10
K1.0C104-500;N.D;MCI;STE MCI;History;Original History;01/05/2018;5
K1.0C115-500;N.D;MCI;STE MCI;History;Original History;01/05/2018;5
K1.0C135-500;N.D;MCI;STE MCI;History;Original History;01/05/2018;5
K1.2C136-500;N.D;MCI;STE MCI;History;Original History;01/05/2018;5
KK10.1;N.D;MCI;STE MCI;History;Original History;01/05/2018;1
KM12;N.D;MCI;STE MCI;History;Original History;01/05/2018;1
KP367LN;N.D;MCI;STE MCI;History;Original History;01/05/2018;2
KP367RN;N.D;MCI;STE MCI;History;Original History;01/05/2018;2
KP768-I-8MM;N.D;MCI;STE MCI;History;Original History;01/05/2018;8
KRT470C-R;N.D;MCI;STE MCI;History;Original History;01/05/2018;10
L-300;N.D;MCI;STE MCI;History;Original History;01/05/2018;150
L50MM-BLANC;N.D;MCI;STE MCI;History;Original History;01/05/2018;100
LA2065X40X0.4;N.D;MCI;STE MCI;History;Original History;01/05/2018;2
LA2790X50X0.6;N.D;MCI;STE MCI;History;Original History;01/05/2018;11
LA3500X50X0.7;N.D;MCI;STE MCI;History;Original History;01/05/2018;6
LA3570X50X0.8;N.D;MCI;STE MCI;History;Original History;01/05/2018;2
LP8971-I-AUT;N.D;MCI;STE MCI;History;Original History;01/05/2018;13
LP8974-I-AUT;N.D;MCI;STE MCI;History;Original History;01/05/2018;3
LP9971;N.D;MCI;STE MCI;History;Original History;01/05/2018;2
LPP-3;N.D;MCI;STE MCI;History;Original History;01/05/2018;55
LPP-9;N.D;MCI;STE MCI;History;Original History;01/05/2018;15
LUSTAFILTM4129;N.D;MCI;STE MCI;History;Original History;01/05/2018;2
LUSTAFILTM4138;N.D;MCI;STE MCI;History;Original History;01/05/2018;3.3
LUSTAFILTM4182;N.D;MCI;STE MCI;History;Original History;01/05/2018;2
M90605010;N.D;MCI;STE MCI;History;Original History;01/05/2018;50
M90804065;N.D;MCI;STE MCI;History;Original History;01/05/2018;20
M91107022;N.D;MCI;STE MCI;History;Original History;01/05/2018;20
M91807045;N.D;MCI;STE MCI;History;Original History;01/05/2018;5
M92004015;N.D;MCI;STE MCI;History;Original History;01/05/2018;5
M94008070;N.D;MCI;STE MCI;History;Original History;01/05/2018;4
M97085030;N.D;MCI;STE MCI;History;Original History;01/05/2018;30
MB10M0256;N.D;MCI;STE MCI;History;Original History;01/05/2018;5
MB10M0616;N.D;MCI;STE MCI;History;Original History;01/05/2018;5
MB18A0101;N.D;MCI;STE MCI;History;Original History;01/05/2018;5
MB18A0154;N.D;MCI;STE MCI;History;Original History;01/05/2018;5
MB18A0660;N.D;MCI;STE MCI;History;Original History;01/05/2018;4
MB18A3180;N.D;MCI;STE MCI;History;Original History;01/05/2018;10
MB18A4920;N.D;MCI;STE MCI;History;Original History;01/05/2018;4
ME10A2101;N.D;MCI;STE MCI;History;Original History;01/05/2018;10
ME10E0270;N.D;MCI;STE MCI;History;Original History;01/05/2018;5
MF15C1-2500;N.D;MCI;STE MCI;History;Original History;01/05/2018;640
MF15C9-2500;N.D;MCI;STE MCI;History;Original History;01/05/2018;128
MF2036;N.D;MCI;STE MCI;History;Original History;01/05/2018;26
MF20C9-1500;N.D;MCI;STE MCI;History;Original History;01/05/2018;9
MF30C00-1KG;N.D;MCI;STE MCI;History;Original History;01/05/2018;50
MF30C6183-2500;N.D;MCI;STE MCI;History;Original History;01/05/2018;8
MF30C9-1KG;N.D;MCI;STE MCI;History;Original History;01/05/2018;207
MF40C00-3000;N.D;MCI;STE MCI;History;Original History;01/05/2018;104
MF40C16-3000;N.D;MCI;STE MCI;History;Original History;01/05/2018;8
MF40C3-3000;N.D;MCI;STE MCI;History;Original History;01/05/2018;40
MF40C4-3000;N.D;MCI;STE MCI;History;Original History;01/05/2018;16
MF40C5-3000;N.D;MCI;STE MCI;History;Original History;01/05/2018;88
MF40C511-3000;N.D;MCI;STE MCI;History;Original History;01/05/2018;16
MF40C5328-3000;N.D;MCI;STE MCI;History;Original History;01/05/2018;8
MF40C5340-10M;N.D;MCI;STE MCI;History;Original History;01/05/2018;96
MF40C5340-3000;N.D;MCI;STE MCI;History;Original History;01/05/2018;24
MF40C59-3000;N.D;MCI;STE MCI;History;Original History;01/05/2018;16
MF40C6413-3000;N.D;MCI;STE MCI;History;Original History;01/05/2018;8
MF40C6418-3000;N.D;MCI;STE MCI;History;Original History;01/05/2018;8
MF40C7-3000;N.D;MCI;STE MCI;History;Original History;01/05/2018;8
MF40C9-1KG;N.D;MCI;STE MCI;History;Original History;01/05/2018;50
MF40C9-3000;N.D;MCI;STE MCI;History;Original History;01/05/2018;136
MF60C00-5000;N.D;MCI;STE MCI;History;Original History;01/05/2018;32
MF60C174-250;N.D;MCI;STE MCI;History;Original History;01/05/2018;6
MF60C3-5000;N.D;MCI;STE MCI;History;Original History;01/05/2018;24
MF60C511-5000;N.D;MCI;STE MCI;History;Original History;01/05/2018;8
MF60C5500-5000;N.D;MCI;STE MCI;History;Original History;01/05/2018;8
MF60C59-5000;N.D;MCI;STE MCI;History;Original History;01/05/2018;32
MF60C6282-5000;N.D;MCI;STE MCI;History;Original History;01/05/2018;16
MF60C7-5000;N.D;MCI;STE MCI;History;Original History;01/05/2018;24
MF60C73-5000;N.D;MCI;STE MCI;History;Original History;01/05/2018;24
MF60C825-5000;N.D;MCI;STE MCI;History;Original History;01/05/2018;8
MF60C834-5000;N.D;MCI;STE MCI;History;Original History;01/05/2018;72
MF60C835-5000;N.D;MCI;STE MCI;History;Original History;01/05/2018;24
MF60C9-5000;N.D;MCI;STE MCI;History;Original History;01/05/2018;32
MF80C5340-25M;N.D;MCI;STE MCI;History;Original History;01/05/2018;48
MICRO.SP0.5;N.D;MCI;STE MCI;History;Original History;01/05/2018;72.5
MN52A2245;N.D;MCI;STE MCI;History;Original History;01/05/2018;15
MO2MMD30AD;N.D;MCI;STE MCI;History;Original History;01/05/2018;75
MO3MMD30AD;N.D;MCI;STE MCI;History;Original History;01/05/2018;75
MS01A0329;N.D;MCI;STE MCI;History;Original History;01/05/2018;20
MS01A0611;N.D;MCI;STE MCI;History;Original History;01/05/2018;5
MS01E0580;N.D;MCI;STE MCI;History;Original History;01/05/2018;5
MS03B0838;N.D;MCI;STE MCI;History;Original History;01/05/2018;10
MS14A0838;N.D;MCI;STE MCI;History;Original History;01/05/2018;10
MS14A0972;N.D;MCI;STE MCI;History;Original History;01/05/2018;4
N5100C;N.D;MCI;STE MCI;History;Original History;01/05/2018;50
N655/2000;N.D;MCI;STE MCI;History;Original History;01/05/2018;1980
N658-T;N.D;MCI;STE MCI;History;Original History;01/05/2018;320
NL100-ROLL;N.D;MCI;STE MCI;History;Original History;01/05/2018;2
NL150-ROLL;N.D;MCI;STE MCI;History;Original History;01/05/2018;2
NP40G90BL/RE;N.D;MCI;STE MCI;History;Original History;01/05/2018;15300
NP50G70BL/505AD;N.D;MCI;STE MCI;History;Original History;01/05/2018;900
NP50G90BL/505AD;N.D;MCI;STE MCI;History;Original History;01/05/2018;5700
NP50G90NR/505AD;N.D;MCI;STE MCI;History;Original History;01/05/2018;300
OBS000070120;N.D;MCI;STE MCI;History;Original History;01/05/2018;195
PES40-3250-326;N.D;MCI;STE MCI;History;Original History;01/05/2018;16
PES40-3250-350;N.D;MCI;STE MCI;History;Original History;01/05/2018;32
PES40-3250N;N.D;MCI;STE MCI;History;Original History;01/05/2018;212
PES60-5000-326;N.D;MCI;STE MCI;History;Original History;01/05/2018;32
PES60-5000N;N.D;MCI;STE MCI;History;Original History;01/05/2018;64
PF-101062-1;N.D;MCI;STE MCI;History;Original History;01/05/2018;1
PF-101069;N.D;MCI;STE MCI;History;Original History;01/05/2018;1
PF-101072;N.D;MCI;STE MCI;History;Original History;01/05/2018;1
PFF0001;N.D;MCI;STE MCI;History;Original History;01/05/2018;42
PLM120X30;N.D;MCI;STE MCI;History;Original History;01/05/2018;4
PO10;N.D;MCI;STE MCI;History;Original History;01/05/2018;10
PSA-1000X0.254;N.D;MCI;STE MCI;History;Original History;01/05/2018;0.5
PT110F36/1RW;N.D;MCI;STE MCI;History;Original History;01/05/2018;204.45
PT50F36/1B;N.D;MCI;STE MCI;History;Original History;01/05/2018;154.02
PT50F36/1OW;N.D;MCI;STE MCI;History;Original History;01/05/2018;110.17
PT50F36/1RW;N.D;MCI;STE MCI;History;Original History;01/05/2018;204.44
PT78F36/1B;N.D;MCI;STE MCI;History;Original History;01/05/2018;162.1
PT78F36/1OW;N.D;MCI;STE MCI;History;Original History;01/05/2018;1.39
PT78F36/1RW;N.D;MCI;STE MCI;History;Original History;01/05/2018;109.86
PX-5202;N.D;MCI;STE MCI;History;Original History;01/05/2018;10.1
PX-5203;N.D;MCI;STE MCI;History;Original History;01/05/2018;4
R00703;N.D;MCI;STE MCI;History;Original History;01/05/2018;1
R00704;N.D;MCI;STE MCI;History;Original History;01/05/2018;3
R01102;N.D;MCI;STE MCI;History;Original History;01/05/2018;1
R02304;N.D;MCI;STE MCI;History;Original History;01/05/2018;4
R04501;N.D;MCI;STE MCI;History;Original History;01/05/2018;1
R04701;N.D;MCI;STE MCI;History;Original History;01/05/2018;6
REPARATION;N.D;MCI;STE MCI;History;Original History;01/05/2018;8
RT/F30B;N.D;MCI;STE MCI;History;Original History;01/05/2018;188
RT/G13A;N.D;MCI;STE MCI;History;Original History;01/05/2018;20
RT/S40E;N.D;MCI;STE MCI;History;Original History;01/05/2018;80
RUB20X1.0X1.0;N.D;MCI;STE MCI;History;Original History;01/05/2018;40
RUB50X1.5X1.5;N.D;MCI;STE MCI;History;Original History;01/05/2018;60
S-KMR-S-0.40MM;N.D;MCI;STE MCI;History;Original History;01/05/2018;900
S-KMR-S-0.60MM;N.D;MCI;STE MCI;History;Original History;01/05/2018;300
S-KMR-S-0.80MM;N.D;MCI;STE MCI;History;Original History;01/05/2018;75
S505;N.D;MCI;STE MCI;History;Original History;01/05/2018;40
S59222301;N.D;MCI;STE MCI;History;Original History;01/05/2018;2
SA-1305;N.D;MCI;STE MCI;History;Original History;01/05/2018;20
SB-145;N.D;MCI;STE MCI;History;Original History;01/05/2018;45
SB60GR24X200B;N.D;MCI;STE MCI;History;Original History;01/05/2018;540
SB60GR30X200B;N.D;MCI;STE MCI;History;Original History;01/05/2018;225
SC181;N.D;MCI;STE MCI;History;Original History;01/05/2018;10
SC39;N.D;MCI;STE MCI;History;Original History;01/05/2018;4
SCP31MIN;N.D;MCI;STE MCI;History;Original History;01/05/2018;2
SH181;N.D;MCI;STE MCI;History;Original History;01/05/2018;10
SL-32/105;N.D;MCI;STE MCI;History;Original History;01/05/2018;40
SOL_HAL;N.D;MCI;STE MCI;History;Original History;01/05/2018;20
SP699-ROLL;N.D;MCI;STE MCI;History;Original History;01/05/2018;1
SQ01;N.D;MCI;STE MCI;History;Original History;01/05/2018;5
SQ29;N.D;MCI;STE MCI;History;Original History;01/05/2018;11
SR02;N.D;MCI;STE MCI;History;Original History;01/05/2018;1
SR43;N.D;MCI;STE MCI;History;Original History;01/05/2018;10
SR45;N.D;MCI;STE MCI;History;Original History;01/05/2018;14
SR46;N.D;MCI;STE MCI;History;Original History;01/05/2018;1
SR49F;N.D;MCI;STE MCI;History;Original History;01/05/2018;2
SRP-G;N.D;MCI;STE MCI;History;Original History;01/05/2018;800
ST16;N.D;MCI;STE MCI;History;Original History;01/05/2018;17
STR187.0047;N.D;MCI;STE MCI;History;Original History;01/05/2018;1
STR230.0120;N.D;MCI;STE MCI;History;Original History;01/05/2018;1
SU16;N.D;MCI;STE MCI;History;Original History;01/05/2018;6
SU17;N.D;MCI;STE MCI;History;Original History;01/05/2018;1
SX110.C;N.D;MCI;STE MCI;History;Original History;01/05/2018;2
SX22;N.D;MCI;STE MCI;History;Original History;01/05/2018;10
SX25;N.D;MCI;STE MCI;History;Original History;01/05/2018;5
SY31;N.D;MCI;STE MCI;History;Original History;01/05/2018;1
T484-0.55-SAHARA;N.D;MCI;STE MCI;History;Original History;01/05/2018;201
T696-1.00;N.D;MCI;STE MCI;History;Original History;01/05/2018;172.5
T696-1.75;N.D;MCI;STE MCI;History;Original History;01/05/2018;859.5
T97-2.00-BEI;N.D;MCI;STE MCI;History;Original History;01/05/2018;15
TAGS-15MM;N.D;MCI;STE MCI;History;Original History;01/05/2018;10
TC800;N.D;MCI;STE MCI;History;Original History;01/05/2018;8
TC801-WK;N.D;MCI;STE MCI;History;Original History;01/05/2018;116
TF50M;N.D;MCI;STE MCI;History;Original History;01/05/2018;1200
TNT100NAD;N.D;MCI;STE MCI;History;Original History;01/05/2018;300
TNT70GRX200;N.D;MCI;STE MCI;History;Original History;01/05/2018;200
TYROCOL_C-80;N.D;MCI;STE MCI;History;Original History;01/05/2018;50
U100C1-10000;N.D;MCI;STE MCI;History;Original History;01/05/2018;20
VGC250F800A00;N.D;MCI;STE MCI;History;Original History;01/05/2018;554
WL26+24G70X200N;N.D;MCI;STE MCI;History;Original History;01/05/2018;200
Z-27/880/100;N.D;MCI;STE MCI;History;Original History;01/05/2018;60
ZS-50_1.8RD_K180;N.D;MCI;STE MCI;History;Original History;01/05/2018;1
